stage,lon,lat,val
pearson_corr_period1,76.8293952542269,43.11870124157166,-0.11444658010672804
pearson_corr_period1,76.97218533746839,43.17794989976821,-0.0259245058860989
pearson_corr_period1,76.9025845029108,43.120495650551305,0.04602485034746758
pearson_corr_period1,76.8453577209268,43.14433284682003,0.15844499913857607
pearson_corr_period1,76.90210641953374,43.16940448955381,-0.03852878302277783
pearson_corr_period1,76.96452186455129,43.0825400445238,-0.030946184850573343
pearson_corr_period1,76.98227085991661,43.19073824440136,0.1264888536514481
pearson_corr_period1,76.96092262405836,43.176835642955176,0.037692830413582075
pearson_corr_period1,77.05203208539677,43.18516939221273,-0.0784924767227254
pearson_corr_period1,76.97323420217529,43.179706962441614,-0.2640075574178133
pearson_corr_period1,76.93187781595438,43.17514216107809,-0.08894767182063694
pearson_corr_period1,76.99011058199383,43.170627890825145,0.005280925293785494
pearson_corr_period1,76.87299914367762,43.1450130712377,0.17546270309595957
pearson_corr_period1,77.02780527648252,43.08237200535942,0.09397833307832168
pearson_corr_period1,76.86994704919078,43.13805202526291,-0.2186224110024202
pearson_corr_period1,76.91642139748829,43.17252613530077,0.034826402116171676
pearson_corr_period1,77.0549431597096,43.1164128884075,-0.13150042651419813
pearson_corr_period1,76.89135690129699,43.198778824282584,0.1897072457246389
pearson_corr_period1,77.0555925740805,43.199925073691155,0.06466947219868013
pearson_corr_period1,76.927046676015,43.11235063539577,0.13663428431456337
pearson_corr_period1,76.99221275179913,43.09234372139549,-0.0219866398199111
pearson_corr_period1,77.04313612217626,43.21992107493194,-0.03672138248953495
pearson_corr_period1,77.02797641318804,43.070331531226444,-0.0043837515808184575
pearson_corr_period1,77.06424988759784,43.19754539436053,0.017385864636985236
pearson_corr_period1,76.8522504115547,43.240178513754344,0.014503937971235531
pearson_corr_period1,77.04718201175376,43.161752559462776,0.06684921029144335
pearson_corr_period1,77.00608058699494,43.15516098751276,-0.049217675339260344
pearson_corr_period1,76.83639403034127,43.16775133066668,0.06781158793724673
pearson_corr_period1,77.0561661530086,43.1820595860425,0.012241277437937823
pearson_corr_period1,77.06359399434822,43.20156610440478,-0.024695498229482332
pearson_corr_period1,76.94383293274763,43.120048855054,0.1785791565286823
pearson_corr_period1,77.01531687854876,43.15458010792394,0.02939594396167689
pearson_corr_period1,76.85774226429713,43.12345421911479,-0.08805142105004586
pearson_corr_period1,77.03658712011558,43.19429090391753,0.15404498112350293
pearson_corr_period1,77.0390305544386,43.16693296084296,0.14098399911627618
pearson_corr_period1,76.86371263407236,43.19721097294377,-0.15158878530381653
pearson_corr_period1,76.85957910267106,43.19019889065159,-0.12713104325249955
pearson_corr_period1,77.04921452176887,43.11090974029493,-0.2117788939516552
pearson_corr_period1,77.01525017824018,43.22932474918009,-0.06947189585626029
pearson_corr_period1,77.00238972141311,43.22744860082231,-0.11259181710994039
pearson_corr_period1,77.03118621335582,43.197351203460336,-0.10914432907546942
pearson_corr_period1,76.98964386619213,43.06848291118453,-0.24538131119150797
pearson_corr_period1,76.83605609351804,43.097091152527284,-0.050916000083002295
pearson_corr_period1,76.92623268120319,43.15607073650689,-0.08193448721713702
pearson_corr_period1,76.87796119934178,43.074913482680444,0.058338769918072415
pearson_corr_period1,76.88283703935751,43.13326503106092,-0.1461819978678209
pearson_corr_period1,77.02481609682219,43.14228085382221,-0.022257415441656304
pearson_corr_period1,76.95527113174667,43.171564339269395,0.3665356762027919
pearson_corr_period1,76.93764048255146,43.11610675031524,-0.11251794534608506
pearson_corr_period1,76.90905553415952,43.211525003423695,-0.055970921555116356
pearson_corr_period1,76.8822014546122,43.14263993548154,-0.0774972518853513
pearson_corr_period1,77.04488460505696,43.150502301912006,-7.2282286564444E-4
pearson_corr_period1,77.02025680445986,43.19359431938797,-0.029310538800260823
pearson_corr_period1,77.05740194295473,43.230843299740336,-0.05328200529714166
pearson_corr_period1,76.92163144071979,43.20521055502571,0.13227220334909476
pearson_corr_period1,77.03956317395773,43.153883591087286,-0.014189915844468704
pearson_corr_period1,76.99575232059006,43.23807694295754,0.1557130843929689
pearson_corr_period1,76.86485784874857,43.14187006477405,-0.1578561474438904
pearson_corr_period1,77.0051291140487,43.19961145762738,-0.05719050368966613
pearson_corr_period1,76.92637840919505,43.207750636733415,0.08126680328952304
pearson_corr_period1,76.98957689608119,43.18072589822917,0.01905553144169253
pearson_corr_period1,76.8493785778717,43.0741590037961,-0.039308322190081305
pearson_corr_period1,77.01919480684967,43.20383223163151,0.061746901339730126
pearson_corr_period1,77.00255911030557,43.17952580529435,0.03568796082788678
pearson_corr_period1,76.8633376743588,43.09145320385276,-0.1732007651455639
pearson_corr_period1,76.94146547823253,43.10996395332947,0.17331346350293791
pearson_corr_period1,76.88025726947463,43.124809116147205,-0.14638081880858855
pearson_corr_period1,76.89303397796553,43.101137725959944,-0.07747318336728505
pearson_corr_period1,76.92550702422379,43.13394089444057,-0.18224992171868687
pearson_corr_period1,77.06648439812933,43.10217697834043,0.0924150070769712
pearson_corr_period1,76.94999021722101,43.15933016818204,0.14291809319753956
pearson_corr_period1,77.01152920494991,43.116973840803915,-0.09567503673647035
pearson_corr_period1,77.02746516841817,43.22772633946345,0.06288934510644821
pearson_corr_period1,77.0051955718862,43.09250763984437,0.06439892565501146
pearson_corr_period1,77.04782045715065,43.136109905899986,-0.0024910952152297616
pearson_corr_period1,76.84792564875308,43.121597587935064,0.009987960907004156
pearson_corr_period1,77.0011799220468,43.20961559471667,0.11025110045115281
pearson_corr_period1,76.83011423569182,43.23599834914756,0.05121936420059807
pearson_corr_period1,77.05253291677735,43.10929289057846,0.08558554598961338
pearson_corr_period1,76.90944032477876,43.16817636607636,0.018565110082917575
pearson_corr_period1,77.06410363707842,43.08248519686794,-0.08823610863371459
pearson_corr_period1,76.9838964283236,43.227172747057736,0.007369613639001538
pearson_corr_period1,77.00347796301769,43.086300200245795,-0.09811028361048776
pearson_corr_period1,76.95821967512678,43.14174856876377,-0.13774912732413375
pearson_corr_period1,76.892694784559,43.21890337666573,-0.0567683859954258
pearson_corr_period1,76.9907416220015,43.09951836490097,0.008662338812975795
pearson_corr_period1,76.86826617493836,43.21712071962391,0.09916459547365104
pearson_corr_period1,76.85729221973017,43.22213568187262,0.1201924185002209
pearson_corr_period1,76.87345420253797,43.11320535566672,0.26613424218713577
pearson_corr_period1,77.04410316131629,43.2428484537632,0.02938874353535445
pearson_corr_period1,76.89311125002803,43.17683737506213,0.042892278069283286
pearson_corr_period1,77.00505963494223,43.11562632585649,-0.10439234423177357
pearson_corr_period1,76.97814450252135,43.07786580294574,0.033532221295885595
pearson_corr_period1,77.05828730771945,43.1284621517174,-0.04225081927461526
pearson_corr_period1,76.83154842417994,43.221051169505415,0.06696886106570235
pearson_corr_period1,76.97408204974123,43.0989804990445,-5.138474355577713E-4
pearson_corr_period1,76.86873437729227,43.238549958224034,-0.2667462047371203
pearson_corr_period1,77.05485045902566,43.15710659861932,-0.0032080472784485866
pearson_corr_period1,76.93201502225283,43.11336415610823,0.03449487716515898
pearson_corr_period1,76.90182634688635,43.144272946970794,-0.2279004300213864
pearson_corr_period1,77.01547919033233,43.16672501943817,-0.0034183230370260728
pearson_corr_period1,76.9998856755726,43.156067162643886,-0.0031392288861534032
pearson_corr_period1,76.93330425809967,43.227473066501126,-0.07941892976989116
pearson_corr_period1,77.05295809558388,43.142488743628235,-0.019383784058719707
pearson_corr_period1,76.91464260628298,43.18206189556945,0.16621759123394478
pearson_corr_period1,76.8685508066887,43.19171608639876,-0.03551631551138295
pearson_corr_period1,76.84980490597941,43.104906465044536,-0.2529294123798123
pearson_corr_period1,76.92497929887207,43.22370347445293,-0.16838092968866966
pearson_corr_period1,76.86734541469971,43.163507551443416,0.0030680993736826394
pearson_corr_period1,77.0351610961831,43.21374326832205,-0.08839175311776717
pearson_corr_period1,76.84263020576029,43.24469619195731,-0.08963599212721159
pearson_corr_period1,76.9567067032112,43.103910171035764,0.08567523638461097
pearson_corr_period1,76.9198671128124,43.23728854816786,0.10134028024167656
pearson_corr_period1,77.00742239275726,43.18943587122338,0.005237350095507576
pearson_corr_period1,77.00725088877537,43.10777109125588,-0.03270906096470067
pearson_corr_period1,76.83685093797509,43.14863363847882,0.16989401369571822
pearson_corr_period1,76.91140456287874,43.10597841005035,0.09777355928485389
pearson_corr_period1,76.82893467678281,43.07538890996394,-0.06196079470320242
pearson_corr_period1,77.01863683078763,43.07289652023493,0.08702788393726296
pearson_corr_period1,76.93869036279335,43.224148624302615,-0.18536324806810348
pearson_corr_period1,76.8825674777892,43.225321180727,-0.08537740648689865
pearson_corr_period1,77.0661286158297,43.15691773488509,0.017046324128053764
pearson_corr_period1,77.01122643555094,43.23171494698966,-0.17489630529969008
pearson_corr_period1,76.99968750927297,43.17397242474093,0.043637786453005256
pearson_corr_period1,76.86720736015204,43.180425827548234,0.08574908429881822
pearson_corr_period1,76.83999443175617,43.17170681218732,-0.24433362981828383
pearson_corr_period1,76.94968433952704,43.1698639363284,0.12279552832772313
pearson_corr_period1,76.84524875538014,43.232056066825464,-0.09684763065453131
pearson_corr_period1,77.0574144647934,43.106010204360096,-0.16110480294764906
pearson_corr_period1,77.02874211663833,43.23469027657322,0.01795044248556811
pearson_corr_period1,76.84031864420865,43.17885287715379,0.06050468858258801
pearson_corr_period1,77.05002806898975,43.159591638573126,0.09637006319183133
pearson_corr_period1,76.82822577119494,43.068524865419526,0.17365080210385125
pearson_corr_period1,76.92984177843769,43.12592738655371,-0.040646469206256725
pearson_corr_period1,76.99566201288572,43.1451140816982,-0.03193084218188547
pearson_corr_period1,76.99579836539371,43.14656453997049,-0.0024335416356901624
pearson_corr_period1,76.96302831497206,43.12247312389158,-0.06188263989013816
pearson_corr_period1,76.98175674841836,43.089229834079184,0.07390464366553418
pearson_corr_period1,76.95301572310115,43.200526887619226,-0.06875164942231383
pearson_corr_period1,77.03127028247224,43.18960004807266,0.11424218380207986
pearson_corr_period1,76.85937449632463,43.21661526286234,0.0203088063022936
pearson_corr_period1,76.860095413422,43.137622691232096,-0.06140639146370121
pearson_corr_period1,76.96118808072589,43.09749555824632,-0.04637282544200734
pearson_corr_period1,76.89869448894046,43.144016301955624,-0.1344646482237071
pearson_corr_period1,76.98655024453508,43.23225770064219,0.04281666329670412
pearson_corr_period1,76.93109654951044,43.119495538657816,0.1593054384902023
pearson_corr_period1,76.85888882918802,43.21694214859332,-0.03253316256702307
pearson_corr_period1,76.88423739295324,43.09683896193018,-0.1145565937410667
pearson_corr_period1,76.86835687195844,43.12539889636269,0.0382721957085777
pearson_corr_period1,76.88988961155562,43.1844067702206,-0.06723023634416588
pearson_corr_period1,77.00032237595417,43.09450037244022,-0.046088516298953455
pearson_corr_period1,77.00965311549899,43.24387263794364,-0.0998258084384945
pearson_corr_period1,76.97674095832996,43.09198045307154,-0.056072454130199734
pearson_corr_period1,76.94109060288298,43.19143497705888,0.05339590255499554
pearson_corr_period1,77.02674449318813,43.123255372545,-0.0021625850696151585
pearson_corr_period1,76.89169698585245,43.1949588595166,-0.05743816587774148
pearson_corr_period1,77.02824176589434,43.11257557320635,0.1051115029635221
pearson_corr_period1,76.9106959323103,43.21270077993846,0.1339380789177794
pearson_corr_period1,76.97988573895594,43.20411115037768,-0.12981225660199378
pearson_corr_period1,76.97474213168942,43.11046047306825,0.006381392168559368
pearson_corr_period1,76.92327549975215,43.14860033100594,0.17635609320566822
pearson_corr_period1,76.86377551517486,43.183182105526924,-0.0339293502296535
pearson_corr_period1,77.03091146723379,43.16127590689437,-0.003473518500317074
pearson_corr_period1,77.06722280922689,43.1228743086623,0.1919389462752471
pearson_corr_period1,77.04015745158267,43.1675942689416,0.04278311667531825
pearson_corr_period1,76.84594089993291,43.18725240350443,-0.08344718007457569
pearson_corr_period1,76.86277343894893,43.21998948103072,0.1071118682037816
pearson_corr_period1,76.91701034088119,43.14997587026498,-0.1663866991504512
pearson_corr_period1,77.02751188772149,43.150176849616955,-0.08365786972342594
pearson_corr_period1,77.05808507697057,43.180160373605126,-0.026961041756712354
pearson_corr_period1,76.8716737335159,43.107588574154164,-0.047304409439753226
pearson_corr_period1,76.92613561893573,43.24288801336853,0.0301456002703421
pearson_corr_period1,77.03899248416127,43.22513901126497,-0.03331222411405743
pearson_corr_period1,77.05988514220479,43.141690563153105,-0.02503650143369865
pearson_corr_period1,77.00216296647632,43.15717285172572,0.009206945336982146
pearson_corr_period1,76.92641312212695,43.17690765545864,0.13313840009394415
pearson_corr_period1,77.04279483122447,43.22337477306464,0.046540176339503865
pearson_corr_period1,77.02278038113216,43.1858041546282,0.026365879537444726
pearson_corr_period1,76.83723237610012,43.11305153122007,-0.09747838872218433
pearson_corr_period1,76.96950955984256,43.11223838677961,0.00541819783090808
pearson_corr_period1,76.83182509477835,43.0677115626155,-0.06454089874190608
pearson_corr_period1,76.90784643136966,43.23948664132377,0.03571126493271323
pearson_corr_period1,76.95649977629976,43.13209298910521,0.14832517617367472
pearson_corr_period1,76.98542078911304,43.199424492341855,-0.01862035126874991
pearson_corr_period1,76.86751458443212,43.22087915833982,0.024282483329976942
pearson_corr_period1,76.97562029609179,43.15237460232941,0.006678221140743219
pearson_corr_period1,76.86587634091109,43.1953993588603,-0.16347450582218084
pearson_corr_period1,76.99377811051731,43.143988780789314,-0.05352701426350912
pearson_corr_period1,77.04425622485209,43.122854050999464,-0.09315870860750548
pearson_corr_period1,76.90228324890379,43.10977314562207,0.012260798106246652
pearson_corr_period1,76.89290724324721,43.086416704070096,-0.05226844677135759
pearson_corr_period1,77.05628857817611,43.084233472880115,0.15097122050645326
pearson_corr_period1,76.92630408596116,43.102768354260924,0.056159883397126215
pearson_corr_period1,76.83511902611177,43.20524243380837,0.03172906828281916
pearson_corr_period1,76.91253382195755,43.23357560623442,-0.1455658232200757
pearson_corr_period1,76.94121402323931,43.14645080456328,-0.11238255991382974
pearson_corr_period1,76.86852740140786,43.083570964609116,-0.017464439963047137
pearson_corr_period1,76.83287160744942,43.18815441819218,-0.08556144727730498
pearson_corr_period1,76.95306061084398,43.16859460791154,0.16439153648743748
pearson_corr_period1,77.03230053477132,43.21158405282572,0.009346713897938902
pearson_corr_period2,76.8293952542269,43.11870124157166,-0.06373422698618339
pearson_corr_period2,76.97218533746839,43.17794989976821,-0.34661093057547043
pearson_corr_period2,76.9025845029108,43.120495650551305,-0.059801749733245445
pearson_corr_period2,76.8453577209268,43.14433284682003,-0.1980322652551732
pearson_corr_period2,76.90210641953374,43.16940448955381,-0.12357576512004581
pearson_corr_period2,76.96452186455129,43.0825400445238,-0.03437754540088827
pearson_corr_period2,76.98227085991661,43.19073824440136,-0.04188315396212642
pearson_corr_period2,76.96092262405836,43.176835642955176,-0.08432520422043527
pearson_corr_period2,77.05203208539677,43.18516939221273,0.019143062121331704
pearson_corr_period2,76.97323420217529,43.179706962441614,-0.16269034921700165
pearson_corr_period2,76.93187781595438,43.17514216107809,-0.22194292221653714
pearson_corr_period2,76.99011058199383,43.170627890825145,0.073109741062845
pearson_corr_period2,76.87299914367762,43.1450130712377,-0.24356755565727153
pearson_corr_period2,77.02780527648252,43.08237200535942,0.025873450439529717
pearson_corr_period2,76.86994704919078,43.13805202526291,-0.041846521888447306
pearson_corr_period2,76.91642139748829,43.17252613530077,-0.2128513938448169
pearson_corr_period2,77.0549431597096,43.1164128884075,-0.060974731807898926
pearson_corr_period2,76.89135690129699,43.198778824282584,-0.13311407081570095
pearson_corr_period2,77.0555925740805,43.199925073691155,-0.13850858076188233
pearson_corr_period2,76.927046676015,43.11235063539577,-0.01438392932609148
pearson_corr_period2,76.99221275179913,43.09234372139549,-0.06428550325552451
pearson_corr_period2,77.04313612217626,43.21992107493194,-0.017660222616634073
pearson_corr_period2,77.02797641318804,43.070331531226444,-0.0029976232224165774
pearson_corr_period2,77.06424988759784,43.19754539436053,-0.05116917105541081
pearson_corr_period2,76.8522504115547,43.240178513754344,-0.183852915792125
pearson_corr_period2,77.04718201175376,43.161752559462776,0.07436463397943117
pearson_corr_period2,77.00608058699494,43.15516098751276,-0.01214457733345307
pearson_corr_period2,76.83639403034127,43.16775133066668,0.20508095551436956
pearson_corr_period2,77.0561661530086,43.1820595860425,-0.10420433014154117
pearson_corr_period2,77.06359399434822,43.20156610440478,-0.15040345247179424
pearson_corr_period2,76.94383293274763,43.120048855054,-0.04479716293345195
pearson_corr_period2,77.01531687854876,43.15458010792394,-0.1093528261470103
pearson_corr_period2,76.85774226429713,43.12345421911479,-0.13278700666807106
pearson_corr_period2,77.03658712011558,43.19429090391753,-0.048224180519234786
pearson_corr_period2,77.0390305544386,43.16693296084296,0.06112190896665811
pearson_corr_period2,76.86371263407236,43.19721097294377,0.008961089902480669
pearson_corr_period2,76.85957910267106,43.19019889065159,-0.07629512859847745
pearson_corr_period2,77.04921452176887,43.11090974029493,-0.022307166825581873
pearson_corr_period2,77.01525017824018,43.22932474918009,-0.011403696601558556
pearson_corr_period2,77.00238972141311,43.22744860082231,-0.05777872053850837
pearson_corr_period2,77.03118621335582,43.197351203460336,-0.250529398307158
pearson_corr_period2,76.98964386619213,43.06848291118453,-0.0237814999360952
pearson_corr_period2,76.83605609351804,43.097091152527284,0.17301047474358267
pearson_corr_period2,76.92623268120319,43.15607073650689,-0.14922203225390837
pearson_corr_period2,76.87796119934178,43.074913482680444,0.03756019224463388
pearson_corr_period2,76.88283703935751,43.13326503106092,-0.08338449126677878
pearson_corr_period2,77.02481609682219,43.14228085382221,-0.08952106377473792
pearson_corr_period2,76.95527113174667,43.171564339269395,-0.21434087267904517
pearson_corr_period2,76.93764048255146,43.11610675031524,-0.023250220072515072
pearson_corr_period2,76.90905553415952,43.211525003423695,0.17513365913957804
pearson_corr_period2,76.8822014546122,43.14263993548154,-0.5301412721361455
pearson_corr_period2,77.04488460505696,43.150502301912006,-0.018546796017517988
pearson_corr_period2,77.02025680445986,43.19359431938797,0.03796942644416024
pearson_corr_period2,77.05740194295473,43.230843299740336,0.11012942339694412
pearson_corr_period2,76.92163144071979,43.20521055502571,-0.009740401845607887
pearson_corr_period2,77.03956317395773,43.153883591087286,-0.02237966171548768
pearson_corr_period2,76.99575232059006,43.23807694295754,0.020836312069819656
pearson_corr_period2,76.86485784874857,43.14187006477405,-0.058856860258950656
pearson_corr_period2,77.0051291140487,43.19961145762738,-0.003737938537067729
pearson_corr_period2,76.92637840919505,43.207750636733415,-0.01061169936695457
pearson_corr_period2,76.98957689608119,43.18072589822917,-0.04400721057414331
pearson_corr_period2,76.8493785778717,43.0741590037961,-0.05625565042557896
pearson_corr_period2,77.01919480684967,43.20383223163151,-0.08413530545937234
pearson_corr_period2,77.00255911030557,43.17952580529435,0.054627393513741226
pearson_corr_period2,76.8633376743588,43.09145320385276,0.020992051662404136
pearson_corr_period2,76.94146547823253,43.10996395332947,-0.05619848030185102
pearson_corr_period2,76.88025726947463,43.124809116147205,-0.10198078214576232
pearson_corr_period2,76.89303397796553,43.101137725959944,0.0537300738291479
pearson_corr_period2,76.92550702422379,43.13394089444057,-0.3401737376410505
pearson_corr_period2,77.06648439812933,43.10217697834043,0.010906659977790707
pearson_corr_period2,76.94999021722101,43.15933016818204,0.03271068122448602
pearson_corr_period2,77.01152920494991,43.116973840803915,-0.04565507566486319
pearson_corr_period2,77.02746516841817,43.22772633946345,-0.038452157037628165
pearson_corr_period2,77.0051955718862,43.09250763984437,-2.786097384357368E-4
pearson_corr_period2,77.04782045715065,43.136109905899986,-0.011754918508549341
pearson_corr_period2,76.84792564875308,43.121597587935064,-0.019799742380580895
pearson_corr_period2,77.0011799220468,43.20961559471667,0.030514622576075814
pearson_corr_period2,76.83011423569182,43.23599834914756,-0.2379077537373357
pearson_corr_period2,77.05253291677735,43.10929289057846,-0.009755385812205412
pearson_corr_period2,76.90944032477876,43.16817636607636,0.20666059052150876
pearson_corr_period2,77.06410363707842,43.08248519686794,0.13509580915587538
pearson_corr_period2,76.9838964283236,43.227172747057736,0.08113885362417786
pearson_corr_period2,77.00347796301769,43.086300200245795,-0.10065982682457014
pearson_corr_period2,76.95821967512678,43.14174856876377,-0.07898603612425475
pearson_corr_period2,76.892694784559,43.21890337666573,0.023070709780521233
pearson_corr_period2,76.9907416220015,43.09951836490097,-0.0651747197697281
pearson_corr_period2,76.86826617493836,43.21712071962391,-0.029262440502487316
pearson_corr_period2,76.85729221973017,43.22213568187262,0.06461673195917479
pearson_corr_period2,76.87345420253797,43.11320535566672,-0.1660606442623438
pearson_corr_period2,77.04410316131629,43.2428484537632,-0.041755918495336136
pearson_corr_period2,76.89311125002803,43.17683737506213,0.0708688228172465
pearson_corr_period2,77.00505963494223,43.11562632585649,0.0824327349794689
pearson_corr_period2,76.97814450252135,43.07786580294574,-0.007745781894812801
pearson_corr_period2,77.05828730771945,43.1284621517174,0.02459918580412164
pearson_corr_period2,76.83154842417994,43.221051169505415,0.013265606539807495
pearson_corr_period2,76.97408204974123,43.0989804990445,0.03576405101760825
pearson_corr_period2,76.86873437729227,43.238549958224034,-0.22495211877323415
pearson_corr_period2,77.05485045902566,43.15710659861932,0.02181035422700421
pearson_corr_period2,76.93201502225283,43.11336415610823,-0.005379819646006136
pearson_corr_period2,76.90182634688635,43.144272946970794,-0.09973864336181236
pearson_corr_period2,77.01547919033233,43.16672501943817,-0.057665565354498655
pearson_corr_period2,76.9998856755726,43.156067162643886,0.050237019889982366
pearson_corr_period2,76.93330425809967,43.227473066501126,-0.0931656082188898
pearson_corr_period2,77.05295809558388,43.142488743628235,-0.06659159434752854
pearson_corr_period2,76.91464260628298,43.18206189556945,-0.05931879949060183
pearson_corr_period2,76.8685508066887,43.19171608639876,-0.13812111631316284
pearson_corr_period2,76.84980490597941,43.104906465044536,0.01446969762079411
pearson_corr_period2,76.92497929887207,43.22370347445293,-0.026756646537249837
pearson_corr_period2,76.86734541469971,43.163507551443416,-0.10534898365305859
pearson_corr_period2,77.0351610961831,43.21374326832205,0.158247382905063
pearson_corr_period2,76.84263020576029,43.24469619195731,0.10365029016660811
pearson_corr_period2,76.9567067032112,43.103910171035764,-0.043982570069347415
pearson_corr_period2,76.9198671128124,43.23728854816786,-0.09098036257524637
pearson_corr_period2,77.00742239275726,43.18943587122338,0.023619657150961287
pearson_corr_period2,77.00725088877537,43.10777109125588,0.029926037275558492
pearson_corr_period2,76.83685093797509,43.14863363847882,0.058847667812111884
pearson_corr_period2,76.91140456287874,43.10597841005035,-0.06195864320726604
pearson_corr_period2,76.82893467678281,43.07538890996394,-0.045999899273564515
pearson_corr_period2,77.01863683078763,43.07289652023493,-0.0032666301469871776
pearson_corr_period2,76.93869036279335,43.224148624302615,-0.16784928253531795
pearson_corr_period2,76.8825674777892,43.225321180727,0.04086452833189013
pearson_corr_period2,77.0661286158297,43.15691773488509,0.014759302483801313
pearson_corr_period2,77.01122643555094,43.23171494698966,-0.015465649367880415
pearson_corr_period2,76.99968750927297,43.17397242474093,-0.01981530156758027
pearson_corr_period2,76.86720736015204,43.180425827548234,0.05398290152606283
pearson_corr_period2,76.83999443175617,43.17170681218732,-0.37069514543872667
pearson_corr_period2,76.94968433952704,43.1698639363284,-0.20358083420560874
pearson_corr_period2,76.84524875538014,43.232056066825464,0.10760014132470727
pearson_corr_period2,77.0574144647934,43.106010204360096,-0.040794879259596045
pearson_corr_period2,77.02874211663833,43.23469027657322,0.24058609102987247
pearson_corr_period2,76.84031864420865,43.17885287715379,-0.08481478898915455
pearson_corr_period2,77.05002806898975,43.159591638573126,-0.005076212401359093
pearson_corr_period2,76.82822577119494,43.068524865419526,6.660026784876589E-4
pearson_corr_period2,76.92984177843769,43.12592738655371,-0.13577877792544576
pearson_corr_period2,76.99566201288572,43.1451140816982,7.733038487109919E-4
pearson_corr_period2,76.99579836539371,43.14656453997049,0.051395167081044496
pearson_corr_period2,76.96302831497206,43.12247312389158,-0.07281284373562914
pearson_corr_period2,76.98175674841836,43.089229834079184,-0.19506528347444374
pearson_corr_period2,76.95301572310115,43.200526887619226,0.10984608782166072
pearson_corr_period2,77.03127028247224,43.18960004807266,-0.09696643417433991
pearson_corr_period2,76.85937449632463,43.21661526286234,-0.05936015789401112
pearson_corr_period2,76.860095413422,43.137622691232096,-0.16528661085989596
pearson_corr_period2,76.96118808072589,43.09749555824632,-0.05444054212834581
pearson_corr_period2,76.89869448894046,43.144016301955624,0.07249924503702992
pearson_corr_period2,76.98655024453508,43.23225770064219,-0.01462407968749783
pearson_corr_period2,76.93109654951044,43.119495538657816,-0.41270988986120744
pearson_corr_period2,76.85888882918802,43.21694214859332,0.038931782980126714
pearson_corr_period2,76.88423739295324,43.09683896193018,-0.01122654254148539
pearson_corr_period2,76.86835687195844,43.12539889636269,0.0831907752144163
pearson_corr_period2,76.88988961155562,43.1844067702206,-0.14767544492477946
pearson_corr_period2,77.00032237595417,43.09450037244022,-0.08935725682597304
pearson_corr_period2,77.00965311549899,43.24387263794364,0.014358118817898873
pearson_corr_period2,76.97674095832996,43.09198045307154,0.06218957469634087
pearson_corr_period2,76.94109060288298,43.19143497705888,-0.1481105165634222
pearson_corr_period2,77.02674449318813,43.123255372545,-0.04820929500780641
pearson_corr_period2,76.89169698585245,43.1949588595166,-0.10171472179370825
pearson_corr_period2,77.02824176589434,43.11257557320635,0.038803821720041355
pearson_corr_period2,76.9106959323103,43.21270077993846,-0.20595917092065846
pearson_corr_period2,76.97988573895594,43.20411115037768,-0.20808423443948967
pearson_corr_period2,76.97474213168942,43.11046047306825,-0.12709954556292585
pearson_corr_period2,76.92327549975215,43.14860033100594,-0.2823306745208837
pearson_corr_period2,76.86377551517486,43.183182105526924,0.21217274393399133
pearson_corr_period2,77.03091146723379,43.16127590689437,-0.048181526603152225
pearson_corr_period2,77.06722280922689,43.1228743086623,0.013658645278526749
pearson_corr_period2,77.04015745158267,43.1675942689416,0.014217612093275739
pearson_corr_period2,76.84594089993291,43.18725240350443,0.0918159853326225
pearson_corr_period2,76.86277343894893,43.21998948103072,-0.2586292474399634
pearson_corr_period2,76.91701034088119,43.14997587026498,-0.12736604866150478
pearson_corr_period2,77.02751188772149,43.150176849616955,-0.001221241823357942
pearson_corr_period2,77.05808507697057,43.180160373605126,-0.15274250406319442
pearson_corr_period2,76.8716737335159,43.107588574154164,-0.13953760316488067
pearson_corr_period2,76.92613561893573,43.24288801336853,0.18846255817478913
pearson_corr_period2,77.03899248416127,43.22513901126497,0.011603450379611625
pearson_corr_period2,77.05988514220479,43.141690563153105,-0.03168511612058163
pearson_corr_period2,77.00216296647632,43.15717285172572,0.04010860737550465
pearson_corr_period2,76.92641312212695,43.17690765545864,0.04149441364927554
pearson_corr_period2,77.04279483122447,43.22337477306464,-0.14150557474431147
pearson_corr_period2,77.02278038113216,43.1858041546282,0.021556611302031296
pearson_corr_period2,76.83723237610012,43.11305153122007,0.003278880312625181
pearson_corr_period2,76.96950955984256,43.11223838677961,-0.03651178418807886
pearson_corr_period2,76.83182509477835,43.0677115626155,0.08174941302870108
pearson_corr_period2,76.90784643136966,43.23948664132377,-0.049637932303000336
pearson_corr_period2,76.95649977629976,43.13209298910521,-0.03267043868890069
pearson_corr_period2,76.98542078911304,43.199424492341855,-0.2415330714465654
pearson_corr_period2,76.86751458443212,43.22087915833982,0.14828540237870116
pearson_corr_period2,76.97562029609179,43.15237460232941,0.021695769278926757
pearson_corr_period2,76.86587634091109,43.1953993588603,-0.003241644382693522
pearson_corr_period2,76.99377811051731,43.143988780789314,-6.47179397927139E-4
pearson_corr_period2,77.04425622485209,43.122854050999464,-0.07796243928654564
pearson_corr_period2,76.90228324890379,43.10977314562207,-0.021076035205351323
pearson_corr_period2,76.89290724324721,43.086416704070096,-0.05991361539036222
pearson_corr_period2,77.05628857817611,43.084233472880115,0.08472417474041277
pearson_corr_period2,76.92630408596116,43.102768354260924,0.1572434931378704
pearson_corr_period2,76.83511902611177,43.20524243380837,-0.11250364079607265
pearson_corr_period2,76.91253382195755,43.23357560623442,0.010405480165906388
pearson_corr_period2,76.94121402323931,43.14645080456328,-0.1032223484513569
pearson_corr_period2,76.86852740140786,43.083570964609116,-0.08107265548728412
pearson_corr_period2,76.83287160744942,43.18815441819218,-0.10445078315794654
pearson_corr_period2,76.95306061084398,43.16859460791154,-0.11508504182670423
pearson_corr_period2,77.03230053477132,43.21158405282572,-0.002064779273914395
delta_corr,76.8293952542269,43.11870124157166,0.050712353120544645
delta_corr,76.97218533746839,43.17794989976821,-0.32068642468937153
delta_corr,76.9025845029108,43.120495650551305,-0.10582660008071303
delta_corr,76.8453577209268,43.14433284682003,-0.35647726439374927
delta_corr,76.90210641953374,43.16940448955381,-0.08504698209726798
delta_corr,76.96452186455129,43.0825400445238,-0.003431360550314927
delta_corr,76.98227085991661,43.19073824440136,-0.16837200761357451
delta_corr,76.96092262405836,43.176835642955176,-0.12201803463401734
delta_corr,77.05203208539677,43.18516939221273,0.0976355388440571
delta_corr,76.97323420217529,43.179706962441614,0.10131720820081164
delta_corr,76.93187781595438,43.17514216107809,-0.1329952503959002
delta_corr,76.99011058199383,43.170627890825145,0.06782881576905951
delta_corr,76.87299914367762,43.1450130712377,-0.4190302587532311
delta_corr,77.02780527648252,43.08237200535942,-0.06810488263879197
delta_corr,76.86994704919078,43.13805202526291,0.17677588911397288
delta_corr,76.91642139748829,43.17252613530077,-0.2476777959609886
delta_corr,77.0549431597096,43.1164128884075,0.07052569470629921
delta_corr,76.89135690129699,43.198778824282584,-0.32282131654033985
delta_corr,77.0555925740805,43.199925073691155,-0.20317805296056246
delta_corr,76.927046676015,43.11235063539577,-0.15101821364065485
delta_corr,76.99221275179913,43.09234372139549,-0.04229886343561341
delta_corr,77.04313612217626,43.21992107493194,0.019061159872900878
delta_corr,77.02797641318804,43.070331531226444,0.0013861283584018801
delta_corr,77.06424988759784,43.19754539436053,-0.06855503569239604
delta_corr,76.8522504115547,43.240178513754344,-0.19835685376336054
delta_corr,77.04718201175376,43.161752559462776,0.007515423687987827
delta_corr,77.00608058699494,43.15516098751276,0.03707309800580727
delta_corr,76.83639403034127,43.16775133066668,0.13726936757712282
delta_corr,77.0561661530086,43.1820595860425,-0.11644560757947899
delta_corr,77.06359399434822,43.20156610440478,-0.1257079542423119
delta_corr,76.94383293274763,43.120048855054,-0.22337631946213427
delta_corr,77.01531687854876,43.15458010792394,-0.1387487701086872
delta_corr,76.85774226429713,43.12345421911479,-0.044735585618025195
delta_corr,77.03658712011558,43.19429090391753,-0.20226916164273773
delta_corr,77.0390305544386,43.16693296084296,-0.07986209014961806
delta_corr,76.86371263407236,43.19721097294377,0.1605498752062972
delta_corr,76.85957910267106,43.19019889065159,0.050835914654022096
delta_corr,77.04921452176887,43.11090974029493,0.18947172712607332
delta_corr,77.01525017824018,43.22932474918009,0.05806819925470173
delta_corr,77.00238972141311,43.22744860082231,0.05481309657143202
delta_corr,77.03118621335582,43.197351203460336,-0.14138506923168856
delta_corr,76.98964386619213,43.06848291118453,0.22159981125541278
delta_corr,76.83605609351804,43.097091152527284,0.22392647482658495
delta_corr,76.92623268120319,43.15607073650689,-0.06728754503677135
delta_corr,76.87796119934178,43.074913482680444,-0.020778577673438534
delta_corr,76.88283703935751,43.13326503106092,0.06279750660104212
delta_corr,77.02481609682219,43.14228085382221,-0.06726364833308163
delta_corr,76.95527113174667,43.171564339269395,-0.580876548881837
delta_corr,76.93764048255146,43.11610675031524,0.08926772527356999
delta_corr,76.90905553415952,43.211525003423695,0.2311045806946944
delta_corr,76.8822014546122,43.14263993548154,-0.4526440202507942
delta_corr,77.04488460505696,43.150502301912006,-0.01782397315187355
delta_corr,77.02025680445986,43.19359431938797,0.06727996524442106
delta_corr,77.05740194295473,43.230843299740336,0.1634114286940858
delta_corr,76.92163144071979,43.20521055502571,-0.14201260519470266
delta_corr,77.03956317395773,43.153883591087286,-0.008189745871018977
delta_corr,76.99575232059006,43.23807694295754,-0.13487677232314926
delta_corr,76.86485784874857,43.14187006477405,0.09899928718493975
delta_corr,77.0051291140487,43.19961145762738,0.05345256515259841
delta_corr,76.92637840919505,43.207750636733415,-0.09187850265647761
delta_corr,76.98957689608119,43.18072589822917,-0.06306274201583584
delta_corr,76.8493785778717,43.0741590037961,-0.016947328235497654
delta_corr,77.01919480684967,43.20383223163151,-0.14588220679910247
delta_corr,77.00255911030557,43.17952580529435,0.01893943268585445
delta_corr,76.8633376743588,43.09145320385276,0.19419281680796804
delta_corr,76.94146547823253,43.10996395332947,-0.22951194380478893
delta_corr,76.88025726947463,43.124809116147205,0.04440003666282623
delta_corr,76.89303397796553,43.101137725959944,0.13120325719643294
delta_corr,76.92550702422379,43.13394089444057,-0.15792381592236365
delta_corr,77.06648439812933,43.10217697834043,-0.08150834709918049
delta_corr,76.94999021722101,43.15933016818204,-0.11020741197305355
delta_corr,77.01152920494991,43.116973840803915,0.05001996107160716
delta_corr,77.02746516841817,43.22772633946345,-0.10134150214407638
delta_corr,77.0051955718862,43.09250763984437,-0.0646775353934472
delta_corr,77.04782045715065,43.136109905899986,-0.00926382329331958
delta_corr,76.84792564875308,43.121597587935064,-0.02978770328758505
delta_corr,77.0011799220468,43.20961559471667,-0.079736477875077
delta_corr,76.83011423569182,43.23599834914756,-0.2891271179379338
delta_corr,77.05253291677735,43.10929289057846,-0.0953409318018188
delta_corr,76.90944032477876,43.16817636607636,0.18809548043859117
delta_corr,77.06410363707842,43.08248519686794,0.22333191778958997
delta_corr,76.9838964283236,43.227172747057736,0.07376923998517632
delta_corr,77.00347796301769,43.086300200245795,-0.002549543214082378
delta_corr,76.95821967512678,43.14174856876377,0.05876309119987899
delta_corr,76.892694784559,43.21890337666573,0.07983909577594703
delta_corr,76.9907416220015,43.09951836490097,-0.0738370585827039
delta_corr,76.86826617493836,43.21712071962391,-0.12842703597613836
delta_corr,76.85729221973017,43.22213568187262,-0.05557568654104611
delta_corr,76.87345420253797,43.11320535566672,-0.43219488644947957
delta_corr,77.04410316131629,43.2428484537632,-0.07114466203069059
delta_corr,76.89311125002803,43.17683737506213,0.027976544747963218
delta_corr,77.00505963494223,43.11562632585649,0.18682507921124247
delta_corr,76.97814450252135,43.07786580294574,-0.041278003190698395
delta_corr,77.05828730771945,43.1284621517174,0.0668500050787369
delta_corr,76.83154842417994,43.221051169505415,-0.053703254525894854
delta_corr,76.97408204974123,43.0989804990445,0.03627789845316602
delta_corr,76.86873437729227,43.238549958224034,0.041794085963886146
delta_corr,77.05485045902566,43.15710659861932,0.025018401505452797
delta_corr,76.93201502225283,43.11336415610823,-0.039874696811165115
delta_corr,76.90182634688635,43.144272946970794,0.12816178665957406
delta_corr,77.01547919033233,43.16672501943817,-0.054247242317472584
delta_corr,76.9998856755726,43.156067162643886,0.05337624877613577
delta_corr,76.93330425809967,43.227473066501126,-0.013746678448998642
delta_corr,77.05295809558388,43.142488743628235,-0.04720781028880883
delta_corr,76.91464260628298,43.18206189556945,-0.22553639072454662
delta_corr,76.8685508066887,43.19171608639876,-0.10260480080177989
delta_corr,76.84980490597941,43.104906465044536,0.2673991100006064
delta_corr,76.92497929887207,43.22370347445293,0.14162428315141984
delta_corr,76.86734541469971,43.163507551443416,-0.10841708302674123
delta_corr,77.0351610961831,43.21374326832205,0.24663913602283016
delta_corr,76.84263020576029,43.24469619195731,0.1932862822938197
delta_corr,76.9567067032112,43.103910171035764,-0.12965780645395839
delta_corr,76.9198671128124,43.23728854816786,-0.19232064281692293
delta_corr,77.00742239275726,43.18943587122338,0.01838230705545371
delta_corr,77.00725088877537,43.10777109125588,0.06263509824025916
delta_corr,76.83685093797509,43.14863363847882,-0.11104634588360633
delta_corr,76.91140456287874,43.10597841005035,-0.15973220249211992
delta_corr,76.82893467678281,43.07538890996394,0.015960895429637904
delta_corr,77.01863683078763,43.07289652023493,-0.09029451408425014
delta_corr,76.93869036279335,43.224148624302615,0.01751396553278553
delta_corr,76.8825674777892,43.225321180727,0.1262419348187888
delta_corr,77.0661286158297,43.15691773488509,-0.00228702164425245
delta_corr,77.01122643555094,43.23171494698966,0.15943065593180966
delta_corr,76.99968750927297,43.17397242474093,-0.06345308802058552
delta_corr,76.86720736015204,43.180425827548234,-0.03176618277275539
delta_corr,76.83999443175617,43.17170681218732,-0.12636151562044284
delta_corr,76.94968433952704,43.1698639363284,-0.32637636253333185
delta_corr,76.84524875538014,43.232056066825464,0.20444777197923858
delta_corr,77.0574144647934,43.106010204360096,0.12030992368805302
delta_corr,77.02874211663833,43.23469027657322,0.22263564854430434
delta_corr,76.84031864420865,43.17885287715379,-0.14531947757174257
delta_corr,77.05002806898975,43.159591638573126,-0.10144627559319043
delta_corr,76.82822577119494,43.068524865419526,-0.1729847994253636
delta_corr,76.92984177843769,43.12592738655371,-0.09513230871918904
delta_corr,76.99566201288572,43.1451140816982,0.032704146030596466
delta_corr,76.99579836539371,43.14656453997049,0.05382870871673466
delta_corr,76.96302831497206,43.12247312389158,-0.010930203845490982
delta_corr,76.98175674841836,43.089229834079184,-0.2689699271399779
delta_corr,76.95301572310115,43.200526887619226,0.17859773724397454
delta_corr,77.03127028247224,43.18960004807266,-0.21120861797641977
delta_corr,76.85937449632463,43.21661526286234,-0.07966896419630472
delta_corr,76.860095413422,43.137622691232096,-0.10388021939619475
delta_corr,76.96118808072589,43.09749555824632,-0.008067716686338468
delta_corr,76.89869448894046,43.144016301955624,0.20696389326073703
delta_corr,76.98655024453508,43.23225770064219,-0.057440742984201945
delta_corr,76.93109654951044,43.119495538657816,-0.5720153283514098
delta_corr,76.85888882918802,43.21694214859332,0.07146494554714979
delta_corr,76.88423739295324,43.09683896193018,0.10333005119958132
delta_corr,76.86835687195844,43.12539889636269,0.0449185795058386
delta_corr,76.88988961155562,43.1844067702206,-0.08044520858061359
delta_corr,77.00032237595417,43.09450037244022,-0.04326874052701958
delta_corr,77.00965311549899,43.24387263794364,0.11418392725639338
delta_corr,76.97674095832996,43.09198045307154,0.1182620288265406
delta_corr,76.94109060288298,43.19143497705888,-0.20150641911841774
delta_corr,77.02674449318813,43.123255372545,-0.04604670993819125
delta_corr,76.89169698585245,43.1949588595166,-0.04427655591596676
delta_corr,77.02824176589434,43.11257557320635,-0.06630768124348074
delta_corr,76.9106959323103,43.21270077993846,-0.33989724983843783
delta_corr,76.97988573895594,43.20411115037768,-0.0782719778374959
delta_corr,76.97474213168942,43.11046047306825,-0.13348093773148523
delta_corr,76.92327549975215,43.14860033100594,-0.4586867677265519
delta_corr,76.86377551517486,43.183182105526924,0.2461020941636448
delta_corr,77.03091146723379,43.16127590689437,-0.04470800810283515
delta_corr,77.06722280922689,43.1228743086623,-0.17828030099672035
delta_corr,77.04015745158267,43.1675942689416,-0.02856550458204251
delta_corr,76.84594089993291,43.18725240350443,0.1752631654071982
delta_corr,76.86277343894893,43.21998948103072,-0.365741115643745
delta_corr,76.91701034088119,43.14997587026498,0.03902065048894643
delta_corr,77.02751188772149,43.150176849616955,0.082436627900068
delta_corr,77.05808507697057,43.180160373605126,-0.12578146230648207
delta_corr,76.8716737335159,43.107588574154164,-0.09223319372512745
delta_corr,76.92613561893573,43.24288801336853,0.15831695790444703
delta_corr,77.03899248416127,43.22513901126497,0.04491567449366905
delta_corr,77.05988514220479,43.141690563153105,-0.006648614686882978
delta_corr,77.00216296647632,43.15717285172572,0.030901662038522508
delta_corr,76.92641312212695,43.17690765545864,-0.09164398644466862
delta_corr,77.04279483122447,43.22337477306464,-0.18804575108381533
delta_corr,77.02278038113216,43.1858041546282,-0.00480926823541343
delta_corr,76.83723237610012,43.11305153122007,0.10075726903480951
delta_corr,76.96950955984256,43.11223838677961,-0.041929982018986935
delta_corr,76.83182509477835,43.0677115626155,0.14629031177060714
delta_corr,76.90784643136966,43.23948664132377,-0.08534919723571358
delta_corr,76.95649977629976,43.13209298910521,-0.1809956148625754
delta_corr,76.98542078911304,43.199424492341855,-0.2229127201778155
delta_corr,76.86751458443212,43.22087915833982,0.12400291904872422
delta_corr,76.97562029609179,43.15237460232941,0.015017548138183538
delta_corr,76.86587634091109,43.1953993588603,0.1602328614394873
delta_corr,76.99377811051731,43.143988780789314,0.05287983486558198
delta_corr,77.04425622485209,43.122854050999464,0.01519626932095984
delta_corr,76.90228324890379,43.10977314562207,-0.03333683331159797
delta_corr,76.89290724324721,43.086416704070096,-0.007645168619004626
delta_corr,77.05628857817611,43.084233472880115,-0.06624704576604049
delta_corr,76.92630408596116,43.102768354260924,0.10108360974074418
delta_corr,76.83511902611177,43.20524243380837,-0.14423270907889182
delta_corr,76.91253382195755,43.23357560623442,0.15597130338598209
delta_corr,76.94121402323931,43.14645080456328,0.00916021146247284
delta_corr,76.86852740140786,43.083570964609116,-0.06360821552423698
delta_corr,76.83287160744942,43.18815441819218,-0.018889335880641553
delta_corr,76.95306061084398,43.16859460791154,-0.27947657831414174
delta_corr,77.03230053477132,43.21158405282572,-0.011411493171853297
r_t,76.8293952542269,43.11870124157166,0.12305133537578036
r_t,76.97218533746839,43.17794989976821,-0.031223072240517156
r_t,76.9025845029108,43.120495650551305,0.019322587252996792
r_t,76.8453577209268,43.14433284682003,0.12407584728668657
r_t,76.90210641953374,43.16940448955381,-0.061784803020521396
r_t,76.96452186455129,43.0825400445238,-0.016575578081792285
r_t,76.98227085991661,43.19073824440136,-0.03153553118355925
r_t,76.96092262405836,43.176835642955176,0.07004592977357475
r_t,77.05203208539677,43.18516939221273,0.0332618231289158
r_t,76.97323420217529,43.179706962441614,-0.033206879922980694
r_t,76.93187781595438,43.17514216107809,-0.06657806066298337
r_t,76.99011058199383,43.170627890825145,0.0013339237307912174
r_t,76.87299914367762,43.1450130712377,0.12499280006202146
r_t,77.02780527648252,43.08237200535942,0.018099045483136542
r_t,76.86994704919078,43.13805202526291,0.010933169391960124
r_t,76.91642139748829,43.17252613530077,-0.08533786679454759
r_t,77.0549431597096,43.1164128884075,-0.08110218762298992
r_t,76.89135690129699,43.198778824282584,-0.13493360303719903
r_t,77.0555925740805,43.199925073691155,-0.10128836164139662
r_t,76.927046676015,43.11235063539577,-0.004453200766750059
r_t,76.99221275179913,43.09234372139549,-0.048411614084258286
r_t,77.04313612217626,43.21992107493194,0.05645006663867653
r_t,77.02797641318804,43.070331531226444,0.032845487592701506
r_t,77.06424988759784,43.19754539436053,0.07170209664073444
r_t,76.8522504115547,43.240178513754344,0.005968945854123092
r_t,77.04718201175376,43.161752559462776,0.06669657164613975
r_t,77.00608058699494,43.15516098751276,0.03565938759624675
r_t,76.83639403034127,43.16775133066668,0.10261297215700353
r_t,77.0561661530086,43.1820595860425,0.004633582947551943
r_t,77.06359399434822,43.20156610440478,-0.005588677058189877
r_t,76.94383293274763,43.120048855054,0.08541312272539603
r_t,77.01531687854876,43.15458010792394,0.06437104997827124
r_t,76.85774226429713,43.12345421911479,0.06454920604834143
r_t,77.03658712011558,43.19429090391753,0.07366847034947716
r_t,77.0390305544386,43.16693296084296,-0.08940107828561156
r_t,76.86371263407236,43.19721097294377,0.006652158282889048
r_t,76.85957910267106,43.19019889065159,-0.15365128169273468
r_t,77.04921452176887,43.11090974029493,-0.37931608542036216
r_t,77.01525017824018,43.22932474918009,0.0074774733957016426
r_t,77.00238972141311,43.22744860082231,-0.010282598656998394
r_t,77.03118621335582,43.197351203460336,-0.022244864148252674
r_t,76.98964386619213,43.06848291118453,-0.10232994840629553
r_t,76.83605609351804,43.097091152527284,-0.03020001579050176
r_t,76.92623268120319,43.15607073650689,0.028912985921195993
r_t,76.87796119934178,43.074913482680444,-0.06017033158411665
r_t,76.88283703935751,43.13326503106092,0.15999423619531433
r_t,77.02481609682219,43.14228085382221,0.04928151147640679
r_t,76.95527113174667,43.171564339269395,0.062164896727728916
r_t,76.93764048255146,43.11610675031524,0.10349271715694862
r_t,76.90905553415952,43.211525003423695,-0.002236417051412935
r_t,76.8822014546122,43.14263993548154,0.08069719348028886
r_t,77.04488460505696,43.150502301912006,0.055824157282029566
r_t,77.02025680445986,43.19359431938797,0.10191629052233302
r_t,77.05740194295473,43.230843299740336,0.07995914003641284
r_t,76.92163144071979,43.20521055502571,0.0379298630118688
r_t,77.03956317395773,43.153883591087286,0.048387432056450436
r_t,76.99575232059006,43.23807694295754,-0.1645060804804326
r_t,76.86485784874857,43.14187006477405,-0.17099842977162044
r_t,77.0051291140487,43.19961145762738,-0.03804555721915163
r_t,76.92637840919505,43.207750636733415,0.08227577933877211
r_t,76.98957689608119,43.18072589822917,-0.09238673876079707
r_t,76.8493785778717,43.0741590037961,0.028494123000520358
r_t,77.01919480684967,43.20383223163151,-0.16435028882916217
r_t,77.00255911030557,43.17952580529435,0.06325768748254948
r_t,76.8633376743588,43.09145320385276,-0.12614807512163412
r_t,76.94146547823253,43.10996395332947,0.04382828781890878
r_t,76.88025726947463,43.124809116147205,0.07394462626319025
r_t,76.89303397796553,43.101137725959944,0.07652288085982548
r_t,76.92550702422379,43.13394089444057,0.20921482036146372
r_t,77.06648439812933,43.10217697834043,-0.02799281268337992
r_t,76.94999021722101,43.15933016818204,-0.02025007450025581
r_t,77.01152920494991,43.116973840803915,-0.036596796006155057
r_t,77.02746516841817,43.22772633946345,0.0460060698781944
r_t,77.0051955718862,43.09250763984437,-0.02085868578822832
r_t,77.04782045715065,43.136109905899986,-0.001074727623730199
r_t,76.84792564875308,43.121597587935064,0.02163658704756362
r_t,77.0011799220468,43.20961559471667,-0.12390279674805468
r_t,76.83011423569182,43.23599834914756,-0.07441860749381214
r_t,77.05253291677735,43.10929289057846,-0.013069482691869552
r_t,76.90944032477876,43.16817636607636,-0.15866074491348467
r_t,77.06410363707842,43.08248519686794,-0.11685133014040008
r_t,76.9838964283236,43.227172747057736,-0.24152914258250327
r_t,77.00347796301769,43.086300200245795,0.08564394581833834
r_t,76.95821967512678,43.14174856876377,0.09666241816915068
r_t,76.892694784559,43.21890337666573,0.15841023281135774
r_t,76.9907416220015,43.09951836490097,0.05395549772241693
r_t,76.86826617493836,43.21712071962391,-0.14990401906527281
r_t,76.85729221973017,43.22213568187262,-0.06467546523821409
r_t,76.87345420253797,43.11320535566672,0.04419647170206988
r_t,77.04410316131629,43.2428484537632,0.013214295252866978
r_t,76.89311125002803,43.17683737506213,-0.03933385295879942
r_t,77.00505963494223,43.11562632585649,-0.18245479858976735
r_t,76.97814450252135,43.07786580294574,-0.054926275428890586
r_t,77.05828730771945,43.1284621517174,-0.04661556660824199
r_t,76.83154842417994,43.221051169505415,-0.012221209931207285
r_t,76.97408204974123,43.0989804990445,0.10766184206386523
r_t,76.86873437729227,43.238549958224034,0.13306177948784256
r_t,77.05485045902566,43.15710659861932,-0.04960120994013208
r_t,76.93201502225283,43.11336415610823,0.07130981453826293
r_t,76.90182634688635,43.144272946970794,-0.10727767107891745
r_t,77.01547919033233,43.16672501943817,0.07355232961571341
r_t,76.9998856755726,43.156067162643886,0.06912780390605419
r_t,76.93330425809967,43.227473066501126,0.02167479361679769
r_t,77.05295809558388,43.142488743628235,0.0958272694412481
r_t,76.91464260628298,43.18206189556945,0.044857994207213925
r_t,76.8685508066887,43.19171608639876,-0.106432094727684
r_t,76.84980490597941,43.104906465044536,-0.03758050725967898
r_t,76.92497929887207,43.22370347445293,0.09476726074489761
r_t,76.86734541469971,43.163507551443416,-0.12684576945668005
r_t,77.0351610961831,43.21374326832205,-0.1302187038954927
r_t,76.84263020576029,43.24469619195731,-0.07708849877323314
r_t,76.9567067032112,43.103910171035764,0.07470435973332448
r_t,76.9198671128124,43.23728854816786,-0.33776740808865713
r_t,77.00742239275726,43.18943587122338,-0.321844509541786
r_t,77.00725088877537,43.10777109125588,-0.05880394796055497
r_t,76.83685093797509,43.14863363847882,0.1377542236363607
r_t,76.91140456287874,43.10597841005035,-0.09543365474382712
r_t,76.82893467678281,43.07538890996394,-0.042271820738334534
r_t,77.01863683078763,43.07289652023493,-0.1527909141302081
r_t,76.93869036279335,43.224148624302615,0.09005779014558997
r_t,76.8825674777892,43.225321180727,0.224205091759779
r_t,77.0661286158297,43.15691773488509,-0.009958762704056358
r_t,77.01122643555094,43.23171494698966,-0.12625776895862031
r_t,76.99968750927297,43.17397242474093,-0.006777978038774784
r_t,76.86720736015204,43.180425827548234,-0.004145121260033362
r_t,76.83999443175617,43.17170681218732,0.190914579174952
r_t,76.94968433952704,43.1698639363284,0.0324188507714235
r_t,76.84524875538014,43.232056066825464,-0.08076883380092534
r_t,77.0574144647934,43.106010204360096,-0.2771724659320808
r_t,77.02874211663833,43.23469027657322,0.2323702044150875
r_t,76.84031864420865,43.17885287715379,-0.28770356110884754
r_t,77.05002806898975,43.159591638573126,-0.022866395408537552
r_t,76.82822577119494,43.068524865419526,-0.09270833004301174
r_t,76.92984177843769,43.12592738655371,-0.005514738438943133
r_t,76.99566201288572,43.1451140816982,0.07901241297128432
r_t,76.99579836539371,43.14656453997049,-0.018913634188108017
r_t,76.96302831497206,43.12247312389158,0.14357573469014948
r_t,76.98175674841836,43.089229834079184,0.11817911429767602
r_t,76.95301572310115,43.200526887619226,0.04173638508740262
r_t,77.03127028247224,43.18960004807266,0.10286787362449665
r_t,76.85937449632463,43.21661526286234,-0.007728505096014206
r_t,76.860095413422,43.137622691232096,0.053104258469017215
r_t,76.96118808072589,43.09749555824632,0.05570031319163485
r_t,76.89869448894046,43.144016301955624,-0.1560885283439937
r_t,76.98655024453508,43.23225770064219,0.13470982148287558
r_t,76.93109654951044,43.119495538657816,0.12452504568951277
r_t,76.85888882918802,43.21694214859332,-0.05678128906570125
r_t,76.88423739295324,43.09683896193018,0.0832361701224168
r_t,76.86835687195844,43.12539889636269,0.1446406123976547
r_t,76.88988961155562,43.1844067702206,0.15534346628856593
r_t,77.00032237595417,43.09450037244022,0.04165126643239449
r_t,77.00965311549899,43.24387263794364,-0.08579747863579384
r_t,76.97674095832996,43.09198045307154,0.08493871679526378
r_t,76.94109060288298,43.19143497705888,-0.08593133773246554
r_t,77.02674449318813,43.123255372545,-0.09225260326794192
r_t,76.89169698585245,43.1949588595166,0.0591340199429908
r_t,77.02824176589434,43.11257557320635,-0.05848253866557397
r_t,76.9106959323103,43.21270077993846,-0.012388388151733301
r_t,76.97988573895594,43.20411115037768,-0.010877295205673917
r_t,76.97474213168942,43.11046047306825,0.07116605286718723
r_t,76.92327549975215,43.14860033100594,0.00754508555352059
r_t,76.86377551517486,43.183182105526924,0.03280618991552315
r_t,77.03091146723379,43.16127590689437,0.10072441201481185
r_t,77.06722280922689,43.1228743086623,0.05861700525272825
r_t,77.04015745158267,43.1675942689416,-0.014054595536890048
r_t,76.84594089993291,43.18725240350443,-0.17871333660621874
r_t,76.86277343894893,43.21998948103072,0.05393966457138515
r_t,76.91701034088119,43.14997587026498,-0.09132469175372768
r_t,77.02751188772149,43.150176849616955,0.10438078832755175
r_t,77.05808507697057,43.180160373605126,0.08797294935017223
r_t,76.8716737335159,43.107588574154164,0.03886955988303047
r_t,76.92613561893573,43.24288801336853,0.012531532076778982
r_t,77.03899248416127,43.22513901126497,-0.02363346304325645
r_t,77.05988514220479,43.141690563153105,0.10584742067236601
r_t,77.00216296647632,43.15717285172572,-0.04049140022453525
r_t,76.92641312212695,43.17690765545864,0.08777056727725695
r_t,77.04279483122447,43.22337477306464,0.06502637736801982
r_t,77.02278038113216,43.1858041546282,-0.031144301572589107
r_t,76.83723237610012,43.11305153122007,0.10152554400288885
r_t,76.96950955984256,43.11223838677961,0.06491770420104674
r_t,76.83182509477835,43.0677115626155,-0.1979526017031467
r_t,76.90784643136966,43.23948664132377,-0.07991083666209829
r_t,76.95649977629976,43.13209298910521,0.09045819900132272
r_t,76.98542078911304,43.199424492341855,0.08107722128974952
r_t,76.86751458443212,43.22087915833982,-0.10367465419494833
r_t,76.97562029609179,43.15237460232941,0.014444626521138685
r_t,76.86587634091109,43.1953993588603,-0.15877674049856183
r_t,76.99377811051731,43.143988780789314,0.03560880905329972
r_t,77.04425622485209,43.122854050999464,-0.15685274611711628
r_t,76.90228324890379,43.10977314562207,0.027439568389281816
r_t,76.89290724324721,43.086416704070096,-0.0345394287365232
r_t,77.05628857817611,43.084233472880115,0.03192964292859185
r_t,76.92630408596116,43.102768354260924,-0.028409475208411326
r_t,76.83511902611177,43.20524243380837,0.07046726116408372
r_t,76.91253382195755,43.23357560623442,0.06887105040303468
r_t,76.94121402323931,43.14645080456328,0.05763004090582307
r_t,76.86852740140786,43.083570964609116,-0.026643649241634954
r_t,76.83287160744942,43.18815441819218,-0.01162489583656868
r_t,76.95306061084398,43.16859460791154,0.25491429714849656
r_t,77.03230053477132,43.21158405282572,-0.07727196014586003
moran_index,76.8293952542269,43.11870124157166,0.5695142585142972
moran_index,76.97218533746839,43.17794989976821,-1.5768190602395722
moran_index,76.9025845029108,43.120495650551305,-0.22274785280474985
moran_index,76.8453577209268,43.14433284682003,-0.4847117110213418
moran_index,76.90210641953374,43.16940448955381,-0.966522707547146
moran_index,76.96452186455129,43.0825400445238,-0.3056913548887792
moran_index,76.98227085991661,43.19073824440136,0.3777034536658152
moran_index,76.96092262405836,43.176835642955176,-0.3541588920619404
moran_index,77.05203208539677,43.18516939221273,-0.5458714506814545
moran_index,76.97323420217529,43.179706962441614,-0.9132311324252762
moran_index,76.93187781595438,43.17514216107809,-0.5790236403210066
moran_index,76.99011058199383,43.170627890825145,0.33231953258864944
moran_index,76.87299914367762,43.1450130712377,0.042069667000654065
moran_index,77.02780527648252,43.08237200535942,0.1780687341846981
moran_index,76.86994704919078,43.13805202526291,0.302260753675942
moran_index,76.91642139748829,43.17252613530077,0.04385846600149106
moran_index,77.0549431597096,43.1164128884075,0.7416677689541405
moran_index,76.89135690129699,43.198778824282584,0.6372279689662516
moran_index,77.0555925740805,43.199925073691155,-0.7592905754604855
moran_index,76.927046676015,43.11235063539577,-0.7353076667256092
moran_index,76.99221275179913,43.09234372139549,0.4913250351856554
moran_index,77.04313612217626,43.21992107493194,-0.31688996819480364
moran_index,77.02797641318804,43.070331531226444,-0.32952426203001783
moran_index,77.06424988759784,43.19754539436053,0.4642492820064281
moran_index,76.8522504115547,43.240178513754344,-0.26076135434483527
moran_index,77.04718201175376,43.161752559462776,0.6070124990778984
moran_index,77.00608058699494,43.15516098751276,0.531441825612603
moran_index,76.83639403034127,43.16775133066668,-2.762552390250806
moran_index,77.0561661530086,43.1820595860425,-0.7639682618291443
moran_index,77.06359399434822,43.20156610440478,-0.5920883914669577
moran_index,76.94383293274763,43.120048855054,-0.7100769422637311
moran_index,77.01531687854876,43.15458010792394,-0.08410762004797218
moran_index,76.85774226429713,43.12345421911479,0.8775994622080384
moran_index,77.03658712011558,43.19429090391753,-0.39108973652821305
moran_index,77.0390305544386,43.16693296084296,-0.20967814336436763
moran_index,76.86371263407236,43.19721097294377,-0.20928277292202954
moran_index,76.85957910267106,43.19019889065159,0.4424985261173813
moran_index,77.04921452176887,43.11090974029493,0.3087470954471999
moran_index,77.01525017824018,43.22932474918009,0.21805736769991205
moran_index,77.00238972141311,43.22744860082231,0.8877192218739354
moran_index,77.03118621335582,43.197351203460336,0.47312542359107956
moran_index,76.98964386619213,43.06848291118453,0.06836484821363616
moran_index,76.83605609351804,43.097091152527284,0.20013249738124325
moran_index,76.92623268120319,43.15607073650689,-0.8069549265619009
moran_index,76.87796119934178,43.074913482680444,0.20779375721693566
moran_index,76.88283703935751,43.13326503106092,-0.4524842507403607
moran_index,77.02481609682219,43.14228085382221,0.08438028539511591
moran_index,76.95527113174667,43.171564339269395,-2.3668073607940348
moran_index,76.93764048255146,43.11610675031524,0.5569693206802641
moran_index,76.90905553415952,43.211525003423695,-0.4895362386374025
moran_index,76.8822014546122,43.14263993548154,-1.5213969222901842
moran_index,77.04488460505696,43.150502301912006,0.18415956891683866
moran_index,77.02025680445986,43.19359431938797,0.1896326546671992
moran_index,77.05740194295473,43.230843299740336,0.7828392316839284
moran_index,76.92163144071979,43.20521055502571,-0.018280418472434168
moran_index,77.03956317395773,43.153883591087286,0.4239977702111972
moran_index,76.99575232059006,43.23807694295754,-0.28174544213587027
moran_index,76.86485784874857,43.14187006477405,-1.9191297032265087
moran_index,77.0051291140487,43.19961145762738,0.16753844513767097
moran_index,76.92637840919505,43.207750636733415,-0.10095065056129601
moran_index,76.98957689608119,43.18072589822917,-0.8434777074207425
moran_index,76.8493785778717,43.0741590037961,0.5464638384790952
moran_index,77.01919480684967,43.20383223163151,0.32643751539609667
moran_index,77.00255911030557,43.17952580529435,-0.3511201432422382
moran_index,76.8633376743588,43.09145320385276,0.40488470324878517
moran_index,76.94146547823253,43.10996395332947,-1.178730886726656
moran_index,76.88025726947463,43.124809116147205,0.022223520583059115
moran_index,76.89303397796553,43.101137725959944,0.32051553665239463
moran_index,76.92550702422379,43.13394089444057,-1.1077672634301285
moran_index,77.06648439812933,43.10217697834043,-0.05159965878314424
moran_index,76.94999021722101,43.15933016818204,0.2534122270406617
moran_index,77.01152920494991,43.116973840803915,0.41520067984610265
moran_index,77.02746516841817,43.22772633946345,0.30201267557815153
moran_index,77.0051955718862,43.09250763984437,-0.02775521031725406
moran_index,77.04782045715065,43.136109905899986,0.5829635394365947
moran_index,76.84792564875308,43.121597587935064,-1.4803239920160975
moran_index,77.0011799220468,43.20961559471667,0.5493540582868595
moran_index,76.83011423569182,43.23599834914756,0.2285276728394302
moran_index,77.05253291677735,43.10929289057846,-0.1628038998224537
moran_index,76.90944032477876,43.16817636607636,0.8990509776423765
moran_index,77.06410363707842,43.08248519686794,0.43774050691805266
moran_index,76.9838964283236,43.227172747057736,0.31016095781474157
moran_index,77.00347796301769,43.086300200245795,-0.3073312099605141
moran_index,76.95821967512678,43.14174856876377,-0.18985432797512475
moran_index,76.892694784559,43.21890337666573,-0.5998483963088892
moran_index,76.9907416220015,43.09951836490097,0.41719993366750835
moran_index,76.86826617493836,43.21712071962391,0.2593329669530163
moran_index,76.85729221973017,43.22213568187262,-0.5614738840652802
moran_index,76.87345420253797,43.11320535566672,-1.9933063795908041
moran_index,77.04410316131629,43.2428484537632,0.739040758423956
moran_index,76.89311125002803,43.17683737506213,-0.020627212630452304
moran_index,77.00505963494223,43.11562632585649,0.9382197016321892
moran_index,76.97814450252135,43.07786580294574,-0.14276720060722867
moran_index,77.05828730771945,43.1284621517174,0.45828716343231934
moran_index,76.83154842417994,43.221051169505415,-0.28926257619568374
moran_index,76.97408204974123,43.0989804990445,0.573190321789459
moran_index,76.86873437729227,43.238549958224034,-0.14654295829947325
moran_index,77.05485045902566,43.15710659861932,-0.24066995719807613
moran_index,76.93201502225283,43.11336415610823,-0.4663363923891021
moran_index,76.90182634688635,43.144272946970794,0.8971456389345944
moran_index,77.01547919033233,43.16672501943817,-0.4498629616856301
moran_index,76.9998856755726,43.156067162643886,0.19377919143568645
moran_index,76.93330425809967,43.227473066501126,0.2818953485675443
moran_index,77.05295809558388,43.142488743628235,0.16296180043845127
moran_index,76.91464260628298,43.18206189556945,0.5100502986742835
moran_index,76.8685508066887,43.19171608639876,-0.7528602776514309
moran_index,76.84980490597941,43.104906465044536,1.2935369829864292
moran_index,76.92497929887207,43.22370347445293,1.514891506365321
moran_index,76.86734541469971,43.163507551443416,-0.42791980445279676
moran_index,77.0351610961831,43.21374326832205,0.20313179469462755
moran_index,76.84263020576029,43.24469619195731,0.5102294871448876
moran_index,76.9567067032112,43.103910171035764,-0.9118290054642622
moran_index,76.9198671128124,43.23728854816786,0.821692184658998
moran_index,77.00742239275726,43.18943587122338,-1.3659153287351626
moran_index,77.00725088877537,43.10777109125588,0.35253677583409754
moran_index,76.83685093797509,43.14863363847882,-1.4372959595617076
moran_index,76.91140456287874,43.10597841005035,-0.40152564928416656
moran_index,76.82893467678281,43.07538890996394,0.8774756121771785
moran_index,77.01863683078763,43.07289652023493,0.16366452287587593
moran_index,76.93869036279335,43.224148624302615,0.3172401699547479
moran_index,76.8825674777892,43.225321180727,-0.015539722752239096
moran_index,77.0661286158297,43.15691773488509,0.47980893137920344
moran_index,77.01122643555094,43.23171494698966,0.6411217977220405
moran_index,76.99968750927297,43.17397242474093,-0.2840795855296186
moran_index,76.86720736015204,43.180425827548234,-0.2515061786496032
moran_index,76.83999443175617,43.17170681218732,-0.1557495544434801
moran_index,76.94968433952704,43.1698639363284,-0.21517081345485872
moran_index,76.84524875538014,43.232056066825464,0.7807486738541827
moran_index,77.0574144647934,43.106010204360096,0.7671679892160416
moran_index,77.02874211663833,43.23469027657322,0.837849020637618
moran_index,76.84031864420865,43.17885287715379,0.17541604982167858
moran_index,77.05002806898975,43.159591638573126,0.09162871500146713
moran_index,76.82822577119494,43.068524865419526,-0.42523478209115334
moran_index,76.92984177843769,43.12592738655371,-1.0757264320528614
moran_index,76.99566201288572,43.1451140816982,0.23857517266150136
moran_index,76.99579836539371,43.14656453997049,0.2680168125091364
moran_index,76.96302831497206,43.12247312389158,0.4657131397513396
moran_index,76.98175674841836,43.089229834079184,-0.3972540257728163
moran_index,76.95301572310115,43.200526887619226,-0.021649820286397836
moran_index,77.03127028247224,43.18960004807266,-0.20908724831391132
moran_index,76.85937449632463,43.21661526286234,0.21502546717898985
moran_index,76.860095413422,43.137622691232096,-0.6360012559729848
moran_index,76.96118808072589,43.09749555824632,0.08378518220755399
moran_index,76.89869448894046,43.144016301955624,-0.5876156274193001
moran_index,76.98655024453508,43.23225770064219,0.7216507409780428
moran_index,76.93109654951044,43.119495538657816,-2.510330341145154
moran_index,76.85888882918802,43.21694214859332,0.35837272584224056
moran_index,76.88423739295324,43.09683896193018,0.8933568086566123
moran_index,76.86835687195844,43.12539889636269,-0.6892607686971359
moran_index,76.88988961155562,43.1844067702206,-0.9509878919088217
moran_index,77.00032237595417,43.09450037244022,0.06175453075141751
moran_index,77.00965311549899,43.24387263794364,0.1498704693205232
moran_index,76.97674095832996,43.09198045307154,-0.07553991085146863
moran_index,76.94109060288298,43.19143497705888,-0.4699867845234811
moran_index,77.02674449318813,43.123255372545,-0.4104237237719788
moran_index,76.89169698585245,43.1949588595166,1.2666504231474502
moran_index,77.02824176589434,43.11257557320635,0.3043386650574041
moran_index,76.9106959323103,43.21270077993846,-0.2895141351435374
moran_index,76.97988573895594,43.20411115037768,-0.060915296457539195
moran_index,76.97474213168942,43.11046047306825,0.246315601300801
moran_index,76.92327549975215,43.14860033100594,-1.9217511790473634
moran_index,76.86377551517486,43.183182105526924,-0.42853781424091275
moran_index,77.03091146723379,43.16127590689437,-0.38494419385620166
moran_index,77.06722280922689,43.1228743086623,-0.2792522573233275
moran_index,77.04015745158267,43.1675942689416,0.19993942476400928
moran_index,76.84594089993291,43.18725240350443,-0.3145103392921375
moran_index,76.86277343894893,43.21998948103072,0.02265560784558741
moran_index,76.91701034088119,43.14997587026498,-0.7827650910879081
moran_index,77.02751188772149,43.150176849616955,-0.10233972728493955
moran_index,77.05808507697057,43.180160373605126,-1.0921765143061448
moran_index,76.8716737335159,43.107588574154164,-0.31516100673335323
moran_index,76.92613561893573,43.24288801336853,0.919843799841396
moran_index,77.03899248416127,43.22513901126497,-0.5919232630827342
moran_index,77.05988514220479,43.141690563153105,0.1927039307098639
moran_index,77.00216296647632,43.15717285172572,0.33629223485234777
moran_index,76.92641312212695,43.17690765545864,-0.5566459927342912
moran_index,77.04279483122447,43.22337477306464,0.6918153156781086
moran_index,77.02278038113216,43.1858041546282,-0.1714376047298686
moran_index,76.83723237610012,43.11305153122007,0.5816986060153505
moran_index,76.96950955984256,43.11223838677961,-0.44244146136646384
moran_index,76.83182509477835,43.0677115626155,0.43878486929417954
moran_index,76.90784643136966,43.23948664132377,0.40238758734814073
moran_index,76.95649977629976,43.13209298910521,-1.0194187298363842
moran_index,76.98542078911304,43.199424492341855,0.3079492982108247
moran_index,76.86751458443212,43.22087915833982,-0.28295430193224824
moran_index,76.97562029609179,43.15237460232941,-1.6477025504113565
moran_index,76.86587634091109,43.1953993588603,-0.2019671642314457
moran_index,76.99377811051731,43.143988780789314,-0.318846580387866
moran_index,77.04425622485209,43.122854050999464,0.11618133829092703
moran_index,76.90228324890379,43.10977314562207,0.5650627746374436
moran_index,76.89290724324721,43.086416704070096,0.8934595485480508
moran_index,77.05628857817611,43.084233472880115,-0.19390888992689548
moran_index,76.92630408596116,43.102768354260924,1.2976245590510378
moran_index,76.83511902611177,43.20524243380837,0.07684750594951026
moran_index,76.91253382195755,43.23357560623442,-0.16423836729103305
moran_index,76.94121402323931,43.14645080456328,0.43808083930484587
moran_index,76.86852740140786,43.083570964609116,-0.09285534592377565
moran_index,76.83287160744942,43.18815441819218,-0.3358061054480591
moran_index,76.95306061084398,43.16859460791154,-2.171061910631158
moran_index,77.03230053477132,43.21158405282572,0.5863268388559888
risk_index,76.8293952542269,43.11870124157166,0.22082072118971752
risk_index,76.97218533746839,43.17794989976821,0.6396335448646608
risk_index,76.9025845029108,43.120495650551305,0.12360217333238081
risk_index,76.8453577209268,43.14433284682003,0.34846731496061445
risk_index,76.90210641953374,43.16940448955381,0.3448372639168821
risk_index,76.96452186455129,43.0825400445238,0.09673820235814967
risk_index,76.98227085991661,43.19073824440136,0.20380414614324366
risk_index,76.96092262405836,43.176835642955176,0.18126587089030574
risk_index,77.05203208539677,43.18516939221273,0.21923156925224807
risk_index,76.97323420217529,43.179706962441614,0.3312693198125848
risk_index,76.93187781595438,43.17514216107809,0.25352032942684877
risk_index,76.99011058199383,43.170627890825145,0.13387705240728281
risk_index,76.87299914367762,43.1450130712377,0.24713458948921607
risk_index,77.02780527648252,43.08237200535942,0.09109287067143272
risk_index,76.86994704919078,43.13805202526291,0.18125280453816106
risk_index,76.91642139748829,43.17252613530077,0.15406401113985113
risk_index,77.0549431597096,43.1164128884075,0.27398361556398976
risk_index,76.89135690129699,43.198778824282584,0.37956576956748517
risk_index,77.0555925740805,43.199925073691155,0.3496338714467062
risk_index,76.927046676015,43.11235063539577,0.29699204699136017
risk_index,76.99221275179913,43.09234372139549,0.17822926509035497
risk_index,77.04313612217626,43.21992107493194,0.11588758372262684
risk_index,77.02797641318804,43.070331531226444,0.1061194403067466
risk_index,77.06424988759784,43.19754539436053,0.18789272177627336
risk_index,76.8522504115547,43.240178513754344,0.17860062235595545
risk_index,77.04718201175376,43.161752559462776,0.19920077589659138
risk_index,77.00608058699494,43.15516098751276,0.18510097420593388
risk_index,76.83639403034127,43.16775133066668,0.9179229952952038
risk_index,77.0561661530086,43.1820595860425,0.28833999892799317
risk_index,77.06359399434822,43.20156610440478,0.24159822997288125
risk_index,76.94383293274763,43.120048855054,0.34179386695526565
risk_index,77.01531687854876,43.15458010792394,0.1074808810643895
risk_index,76.85774226429713,43.12345421911479,0.29855747268109234
risk_index,77.03658712011558,43.19429090391753,0.2331951958497282
risk_index,77.0390305544386,43.16693296084296,0.12071470374124163
risk_index,76.86371263407236,43.19721097294377,0.14439020113633527
risk_index,76.85957910267106,43.19019889065159,0.18889777150077236
risk_index,77.04921452176887,43.11090974029493,0.2632232092812691
risk_index,77.01525017824018,43.22932474918009,0.0959468046164648
risk_index,77.00238972141311,43.22744860082231,0.29577883457929627
risk_index,77.03118621335582,43.197351203460336,0.21707913452281866
risk_index,76.98964386619213,43.06848291118453,0.15177534977305635
risk_index,76.83605609351804,43.097091152527284,0.1780429897857658
risk_index,76.92623268120319,43.15607073650689,0.2815128476711951
risk_index,76.87796119934178,43.074913482680444,0.0847614823186233
risk_index,76.88283703935751,43.13326503106092,0.19914287576169212
risk_index,77.02481609682219,43.14228085382221,0.06880221208035694
risk_index,76.95527113174667,43.171564339269395,1.0129134620246747
risk_index,76.93764048255146,43.11610675031524,0.23242320227225394
risk_index,76.90905553415952,43.211525003423695,0.26286044534885056
risk_index,76.8822014546122,43.14263993548154,0.6988805255085102
risk_index,77.04488460505696,43.150502301912006,0.07532468870739428
risk_index,77.02025680445986,43.19359431938797,0.1109130371268369
risk_index,77.05740194295473,43.230843299740336,0.332549311859504
risk_index,76.92163144071979,43.20521055502571,0.08407640074145534
risk_index,77.03956317395773,43.153883591087286,0.14097169041015875
risk_index,76.99575232059006,43.23807694295754,0.18486323489842227
risk_index,76.86485784874857,43.14187006477405,0.6594382405147465
risk_index,77.0051291140487,43.19961145762738,0.08459692756143081
risk_index,76.92637840919505,43.207750636733415,0.09267960236438202
risk_index,76.98957689608119,43.18072589822917,0.30305203098630007
risk_index,76.8493785778717,43.0741590037961,0.17811164026158144
risk_index,77.01919480684967,43.20383223163151,0.20374241578421268
risk_index,77.00255911030557,43.17952580529435,0.1274572968121086
risk_index,76.8633376743588,43.09145320385276,0.2437914344029464
risk_index,76.94146547823253,43.10996395332947,0.477140895484173
risk_index,76.88025726947463,43.124809116147205,0.0436559997589689
risk_index,76.89303397796553,43.101137725959944,0.17706086576589994
risk_index,76.92550702422379,43.13394089444057,0.4531350510625131
risk_index,77.06648439812933,43.10217697834043,0.0618326337212095
risk_index,76.94999021722101,43.15933016818204,0.13517738899877643
risk_index,77.01152920494991,43.116973840803915,0.15688954369086536
risk_index,77.02746516841817,43.22772633946345,0.15047576772112253
risk_index,77.0051955718862,43.09250763984437,0.04483706794954548
risk_index,77.04782045715065,43.136109905899986,0.17973591900238425
risk_index,76.84792564875308,43.121597587935064,0.4633183666581345
risk_index,77.0011799220468,43.20961559471667,0.22945501577320726
risk_index,76.83011423569182,43.23599834914756,0.22800558231955836
risk_index,77.05253291677735,43.10929289057846,0.0991255323860194
risk_index,76.90944032477876,43.16817636607636,0.39549518249470544
risk_index,77.06410363707842,43.08248519686794,0.2663583769982908
risk_index,76.9838964283236,43.227172747057736,0.1782387358535113
risk_index,77.00347796301769,43.086300200245795,0.11060292375886309
risk_index,76.95821967512678,43.14174856876377,0.10567032762630706
risk_index,76.892694784559,43.21890337666573,0.2515561133429118
risk_index,76.9907416220015,43.09951836490097,0.17286960893608783
risk_index,76.86826617493836,43.21712071962391,0.17199421188702863
risk_index,76.85729221973017,43.22213568187262,0.20916510153774992
risk_index,76.87345420253797,43.11320535566672,0.822928651442395
risk_index,77.04410316131629,43.2428484537632,0.25992741759310545
risk_index,76.89311125002803,43.17683737506213,0.028043206754877183
risk_index,77.00505963494223,43.11562632585649,0.41136940981323145
risk_index,76.97814450252135,43.07786580294574,0.07445441686329592
risk_index,77.05828730771945,43.1284621517174,0.18023426489071265
risk_index,76.83154842417994,43.221051169505415,0.11607464210789402
risk_index,76.97408204974123,43.0989804990445,0.21162841417619377
risk_index,76.86873437729227,43.238549958224034,0.09147228636935355
risk_index,77.05485045902566,43.15710659861932,0.09463042990017564
risk_index,76.93201502225283,43.11336415610823,0.17410022902996575
risk_index,76.90182634688635,43.144272946970794,0.3546801192259489
risk_index,77.01547919033233,43.16672501943817,0.17679297558756799
risk_index,76.9998856755726,43.156067162643886,0.09864744259998465
risk_index,76.93330425809967,43.227473066501126,0.09577690251812215
risk_index,77.05295809558388,43.142488743628235,0.09165789916418941
risk_index,76.91464260628298,43.18206189556945,0.27475488380600116
risk_index,76.8685508066887,43.19171608639876,0.298446902641856
risk_index,76.84980490597941,43.104906465044536,0.5292767513481678
risk_index,76.92497929887207,43.22370347445293,0.5442330456342857
risk_index,76.86734541469971,43.163507551443416,0.20795363674054565
risk_index,77.0351610961831,43.21374326832205,0.21030284719890188
risk_index,76.84263020576029,43.24469619195731,0.26512968704502277
risk_index,76.9567067032112,43.103910171035764,0.3533184768129227
risk_index,76.9198671128124,43.23728854816786,0.4102214584238923
risk_index,77.00742239275726,43.18943587122338,0.48333465405663284
risk_index,77.00725088877537,43.10777109125588,0.14883937146246984
risk_index,76.83685093797509,43.14863363847882,0.5142628055375875
risk_index,76.91140456287874,43.10597841005035,0.21941052698007535
risk_index,76.82893467678281,43.07538890996394,0.2796774955156394
risk_index,77.01863683078763,43.07289652023493,0.12480479673092948
risk_index,76.93869036279335,43.224148624302615,0.12194059178193513
risk_index,76.8825674777892,43.225321180727,0.11262390258702193
risk_index,77.0661286158297,43.15691773488509,0.1470779427766985
risk_index,77.01122643555094,43.23171494698966,0.297303421074241
risk_index,76.99968750927297,43.17397242474093,0.1183060152769333
risk_index,76.86720736015204,43.180425827548234,0.09216396923326532
risk_index,76.83999443175617,43.17170681218732,0.14808853997825586
risk_index,76.94968433952704,43.1698639363284,0.23422319545740822
risk_index,76.84524875538014,43.232056066825464,0.3526022549060591
risk_index,77.0574144647934,43.106010204360096,0.3457398517952551
risk_index,77.02874211663833,43.23469027657322,0.4091465713464551
risk_index,76.84031864420865,43.17885287715379,0.18282526595414436
risk_index,77.05002806898975,43.159591638573126,0.08278503137874287
risk_index,76.82822577119494,43.068524865419526,0.23260450034863064
risk_index,76.92984177843769,43.12592738655371,0.3713870316632416
risk_index,76.99566201288572,43.1451140816982,0.1037271074080055
risk_index,76.99579836539371,43.14656453997049,0.11110212494872984
risk_index,76.96302831497206,43.12247312389158,0.17389419078617727
risk_index,76.98175674841836,43.089229834079184,0.27729699416136905
risk_index,76.95301572310115,43.200526887619226,0.10414109172538716
risk_index,77.03127028247224,43.18960004807266,0.18890405820728262
risk_index,76.85937449632463,43.21661526286234,0.10588782327105214
risk_index,76.860095413422,43.137622691232096,0.25336133818379625
risk_index,76.96118808072589,43.09749555824632,0.0403094756437624
risk_index,76.89869448894046,43.144016301955624,0.31098434052495727
risk_index,76.98655024453508,43.23225770064219,0.2721575580820889
risk_index,76.93109654951044,43.119495538657816,1.0640117756571537
risk_index,76.85888882918802,43.21694214859332,0.15460054833938733
risk_index,76.88423739295324,43.09683896193018,0.33631930222125767
risk_index,76.86835687195844,43.12539889636269,0.258165642841591
risk_index,76.88988961155562,43.1844067702206,0.3565876651206664
risk_index,77.00032237595417,43.09450037244022,0.04849098277541394
risk_index,77.00965311549899,43.24387263794364,0.11921260015151242
risk_index,76.97674095832996,43.09198045307154,0.09878073102776365
risk_index,76.94109060288298,43.19143497705888,0.2589355124627463
risk_index,77.02674449318813,43.123255372545,0.16460099275427764
risk_index,76.89169698585245,43.1949588595166,0.4139602088908166
risk_index,77.02824176589434,43.11257557320635,0.13615194787207638
risk_index,76.9106959323103,43.21270077993846,0.2592805430926268
risk_index,76.97988573895594,43.20411115037768,0.05958603689714449
risk_index,76.97474213168942,43.11046047306825,0.15486835982942038
risk_index,76.92327549975215,43.14860033100594,0.8073777546881891
risk_index,76.86377551517486,43.183182105526924,0.25817362933720084
risk_index,77.03091146723379,43.16127590689437,0.15798214461124044
risk_index,77.06722280922689,43.1228743086623,0.18463922874590405
risk_index,77.04015745158267,43.1675942689416,0.07707549882760203
risk_index,76.84594089993291,43.18725240350443,0.2177273518124841
risk_index,76.86277343894893,43.21998948103072,0.20045517308982577
risk_index,76.91701034088119,43.14997587026498,0.27260479092159123
risk_index,77.02751188772149,43.150176849616955,0.09279638980102621
risk_index,77.05808507697057,43.180160373605126,0.40813827531511887
risk_index,76.8716737335159,43.107588574154164,0.1484388108591758
risk_index,76.92613561893573,43.24288801336853,0.3576179253199981
risk_index,77.03899248416127,43.22513901126497,0.2047615087803061
risk_index,77.05988514220479,43.141690563153105,0.08230497069087386
risk_index,77.00216296647632,43.15717285172572,0.12443678151987264
risk_index,76.92641312212695,43.17690765545864,0.23036990449807304
risk_index,77.04279483122447,43.22337477306464,0.3145727457189442
risk_index,77.02278038113216,43.1858041546282,0.060064775851185116
risk_index,76.83723237610012,43.11305153122007,0.24519332512258768
risk_index,76.96950955984256,43.11223838677961,0.16668097025964196
risk_index,76.83182509477835,43.0677115626155,0.24437113701418678
risk_index,76.90784643136966,43.23948664132377,0.17937304215471866
risk_index,76.95649977629976,43.13209298910521,0.41441506618246754
risk_index,76.98542078911304,43.199424492341855,0.22005659381010506
risk_index,76.86751458443212,43.22087915833982,0.16762268094302624
risk_index,76.97562029609179,43.15237460232941,0.5047084644967264
risk_index,76.86587634091109,43.1953993588603,0.17246192808888972
risk_index,76.99377811051731,43.143988780789314,0.12921565335981072
risk_index,77.04425622485209,43.122854050999464,0.07382308537118129
risk_index,76.90228324890379,43.10977314562207,0.19167516272488844
risk_index,76.89290724324721,43.086416704070096,0.2787683346212222
risk_index,77.05628857817611,43.084233472880115,0.09768211844680726
risk_index,76.92630408596116,43.102768354260924,0.44551106762736564
risk_index,76.83511902611177,43.20524243380837,0.10926405855711574
risk_index,76.91253382195755,43.23357560623442,0.1410313719609079
risk_index,76.94121402323931,43.14645080456328,0.1475303657038548
risk_index,76.86852740140786,43.083570964609116,0.06498944138757817
risk_index,76.83287160744942,43.18815441819218,0.11251147874205224
risk_index,76.95306061084398,43.16859460791154,0.8420397217761175
risk_index,77.03230053477132,43.21158405282572,0.1970581902718953
change_mask,76.8293952542269,43.11870124157166,0
change_mask,76.97218533746839,43.17794989976821,1
change_mask,76.9025845029108,43.120495650551305,0
change_mask,76.8453577209268,43.14433284682003,0
change_mask,76.90210641953374,43.16940448955381,0
change_mask,76.96452186455129,43.0825400445238,0
change_mask,76.98227085991661,43.19073824440136,0
change_mask,76.96092262405836,43.176835642955176,0
change_mask,77.05203208539677,43.18516939221273,0
change_mask,76.97323420217529,43.179706962441614,0
change_mask,76.93187781595438,43.17514216107809,0
change_mask,76.99011058199383,43.170627890825145,0
change_mask,76.87299914367762,43.1450130712377,0
change_mask,77.02780527648252,43.08237200535942,0
change_mask,76.86994704919078,43.13805202526291,0
change_mask,76.91642139748829,43.17252613530077,0
change_mask,77.0549431597096,43.1164128884075,0
change_mask,76.89135690129699,43.198778824282584,0
change_mask,77.0555925740805,43.199925073691155,0
change_mask,76.927046676015,43.11235063539577,0
change_mask,76.99221275179913,43.09234372139549,0
change_mask,77.04313612217626,43.21992107493194,0
change_mask,77.02797641318804,43.070331531226444,0
change_mask,77.06424988759784,43.19754539436053,0
change_mask,76.8522504115547,43.240178513754344,0
change_mask,77.04718201175376,43.161752559462776,0
change_mask,77.00608058699494,43.15516098751276,0
change_mask,76.83639403034127,43.16775133066668,1
change_mask,77.0561661530086,43.1820595860425,0
change_mask,77.06359399434822,43.20156610440478,0
change_mask,76.94383293274763,43.120048855054,0
change_mask,77.01531687854876,43.15458010792394,0
change_mask,76.85774226429713,43.12345421911479,0
change_mask,77.03658712011558,43.19429090391753,0
change_mask,77.0390305544386,43.16693296084296,0
change_mask,76.86371263407236,43.19721097294377,0
change_mask,76.85957910267106,43.19019889065159,0
change_mask,77.04921452176887,43.11090974029493,0
change_mask,77.01525017824018,43.22932474918009,0
change_mask,77.00238972141311,43.22744860082231,0
change_mask,77.03118621335582,43.197351203460336,0
change_mask,76.98964386619213,43.06848291118453,0
change_mask,76.83605609351804,43.097091152527284,0
change_mask,76.92623268120319,43.15607073650689,0
change_mask,76.87796119934178,43.074913482680444,0
change_mask,76.88283703935751,43.13326503106092,0
change_mask,77.02481609682219,43.14228085382221,0
change_mask,76.95527113174667,43.171564339269395,1
change_mask,76.93764048255146,43.11610675031524,0
change_mask,76.90905553415952,43.211525003423695,0
change_mask,76.8822014546122,43.14263993548154,1
change_mask,77.04488460505696,43.150502301912006,0
change_mask,77.02025680445986,43.19359431938797,0
change_mask,77.05740194295473,43.230843299740336,0
change_mask,76.92163144071979,43.20521055502571,0
change_mask,77.03956317395773,43.153883591087286,0
change_mask,76.99575232059006,43.23807694295754,0
change_mask,76.86485784874857,43.14187006477405,1
change_mask,77.0051291140487,43.19961145762738,0
change_mask,76.92637840919505,43.207750636733415,0
change_mask,76.98957689608119,43.18072589822917,0
change_mask,76.8493785778717,43.0741590037961,0
change_mask,77.01919480684967,43.20383223163151,0
change_mask,77.00255911030557,43.17952580529435,0
change_mask,76.8633376743588,43.09145320385276,0
change_mask,76.94146547823253,43.10996395332947,1
change_mask,76.88025726947463,43.124809116147205,0
change_mask,76.89303397796553,43.101137725959944,0
change_mask,76.92550702422379,43.13394089444057,1
change_mask,77.06648439812933,43.10217697834043,0
change_mask,76.94999021722101,43.15933016818204,0
change_mask,77.01152920494991,43.116973840803915,0
change_mask,77.02746516841817,43.22772633946345,0
change_mask,77.0051955718862,43.09250763984437,0
change_mask,77.04782045715065,43.136109905899986,0
change_mask,76.84792564875308,43.121597587935064,1
change_mask,77.0011799220468,43.20961559471667,0
change_mask,76.83011423569182,43.23599834914756,0
change_mask,77.05253291677735,43.10929289057846,0
change_mask,76.90944032477876,43.16817636607636,0
change_mask,77.06410363707842,43.08248519686794,0
change_mask,76.9838964283236,43.227172747057736,0
change_mask,77.00347796301769,43.086300200245795,0
change_mask,76.95821967512678,43.14174856876377,0
change_mask,76.892694784559,43.21890337666573,0
change_mask,76.9907416220015,43.09951836490097,0
change_mask,76.86826617493836,43.21712071962391,0
change_mask,76.85729221973017,43.22213568187262,0
change_mask,76.87345420253797,43.11320535566672,1
change_mask,77.04410316131629,43.2428484537632,0
change_mask,76.89311125002803,43.17683737506213,0
change_mask,77.00505963494223,43.11562632585649,1
change_mask,76.97814450252135,43.07786580294574,0
change_mask,77.05828730771945,43.1284621517174,0
change_mask,76.83154842417994,43.221051169505415,0
change_mask,76.97408204974123,43.0989804990445,0
change_mask,76.86873437729227,43.238549958224034,0
change_mask,77.05485045902566,43.15710659861932,0
change_mask,76.93201502225283,43.11336415610823,0
change_mask,76.90182634688635,43.144272946970794,0
change_mask,77.01547919033233,43.16672501943817,0
change_mask,76.9998856755726,43.156067162643886,0
change_mask,76.93330425809967,43.227473066501126,0
change_mask,77.05295809558388,43.142488743628235,0
change_mask,76.91464260628298,43.18206189556945,0
change_mask,76.8685508066887,43.19171608639876,0
change_mask,76.84980490597941,43.104906465044536,1
change_mask,76.92497929887207,43.22370347445293,1
change_mask,76.86734541469971,43.163507551443416,0
change_mask,77.0351610961831,43.21374326832205,0
change_mask,76.84263020576029,43.24469619195731,0
change_mask,76.9567067032112,43.103910171035764,0
change_mask,76.9198671128124,43.23728854816786,1
change_mask,77.00742239275726,43.18943587122338,1
change_mask,77.00725088877537,43.10777109125588,0
change_mask,76.83685093797509,43.14863363847882,1
change_mask,76.91140456287874,43.10597841005035,0
change_mask,76.82893467678281,43.07538890996394,0
change_mask,77.01863683078763,43.07289652023493,0
change_mask,76.93869036279335,43.224148624302615,0
change_mask,76.8825674777892,43.225321180727,0
change_mask,77.0661286158297,43.15691773488509,0
change_mask,77.01122643555094,43.23171494698966,0
change_mask,76.99968750927297,43.17397242474093,0
change_mask,76.86720736015204,43.180425827548234,0
change_mask,76.83999443175617,43.17170681218732,0
change_mask,76.94968433952704,43.1698639363284,0
change_mask,76.84524875538014,43.232056066825464,0
change_mask,77.0574144647934,43.106010204360096,0
change_mask,77.02874211663833,43.23469027657322,1
change_mask,76.84031864420865,43.17885287715379,0
change_mask,77.05002806898975,43.159591638573126,0
change_mask,76.82822577119494,43.068524865419526,0
change_mask,76.92984177843769,43.12592738655371,0
change_mask,76.99566201288572,43.1451140816982,0
change_mask,76.99579836539371,43.14656453997049,0
change_mask,76.96302831497206,43.12247312389158,0
change_mask,76.98175674841836,43.089229834079184,0
change_mask,76.95301572310115,43.200526887619226,0
change_mask,77.03127028247224,43.18960004807266,0
change_mask,76.85937449632463,43.21661526286234,0
change_mask,76.860095413422,43.137622691232096,0
change_mask,76.96118808072589,43.09749555824632,0
change_mask,76.89869448894046,43.144016301955624,0
change_mask,76.98655024453508,43.23225770064219,0
change_mask,76.93109654951044,43.119495538657816,1
change_mask,76.85888882918802,43.21694214859332,0
change_mask,76.88423739295324,43.09683896193018,0
change_mask,76.86835687195844,43.12539889636269,0
change_mask,76.88988961155562,43.1844067702206,0
change_mask,77.00032237595417,43.09450037244022,0
change_mask,77.00965311549899,43.24387263794364,0
change_mask,76.97674095832996,43.09198045307154,0
change_mask,76.94109060288298,43.19143497705888,0
change_mask,77.02674449318813,43.123255372545,0
change_mask,76.89169698585245,43.1949588595166,1
change_mask,77.02824176589434,43.11257557320635,0
change_mask,76.9106959323103,43.21270077993846,0
change_mask,76.97988573895594,43.20411115037768,0
change_mask,76.97474213168942,43.11046047306825,0
change_mask,76.92327549975215,43.14860033100594,1
change_mask,76.86377551517486,43.183182105526924,0
change_mask,77.03091146723379,43.16127590689437,0
change_mask,77.06722280922689,43.1228743086623,0
change_mask,77.04015745158267,43.1675942689416,0
change_mask,76.84594089993291,43.18725240350443,0
change_mask,76.86277343894893,43.21998948103072,0
change_mask,76.91701034088119,43.14997587026498,0
change_mask,77.02751188772149,43.150176849616955,0
change_mask,77.05808507697057,43.180160373605126,1
change_mask,76.8716737335159,43.107588574154164,0
change_mask,76.92613561893573,43.24288801336853,0
change_mask,77.03899248416127,43.22513901126497,0
change_mask,77.05988514220479,43.141690563153105,0
change_mask,77.00216296647632,43.15717285172572,0
change_mask,76.92641312212695,43.17690765545864,0
change_mask,77.04279483122447,43.22337477306464,0
change_mask,77.02278038113216,43.1858041546282,0
change_mask,76.83723237610012,43.11305153122007,0
change_mask,76.96950955984256,43.11223838677961,0
change_mask,76.83182509477835,43.0677115626155,0
change_mask,76.90784643136966,43.23948664132377,0
change_mask,76.95649977629976,43.13209298910521,1
change_mask,76.98542078911304,43.199424492341855,0
change_mask,76.86751458443212,43.22087915833982,0
change_mask,76.97562029609179,43.15237460232941,1
change_mask,76.86587634091109,43.1953993588603,0
change_mask,76.99377811051731,43.143988780789314,0
change_mask,77.04425622485209,43.122854050999464,0
change_mask,76.90228324890379,43.10977314562207,0
change_mask,76.89290724324721,43.086416704070096,0
change_mask,77.05628857817611,43.084233472880115,0
change_mask,76.92630408596116,43.102768354260924,1
change_mask,76.83511902611177,43.20524243380837,0
change_mask,76.91253382195755,43.23357560623442,0
change_mask,76.94121402323931,43.14645080456328,0
change_mask,76.86852740140786,43.083570964609116,0
change_mask,76.83287160744942,43.18815441819218,0
change_mask,76.95306061084398,43.16859460791154,1
change_mask,77.03230053477132,43.21158405282572,0
